OH359.360+0.084,265.93939005,-29.43819292,17 43 45.454,-29 26 17.49,Radio Obs. of OH/IR stars close to Gal.Center (Lindqvist+ 1992),J/A+AS/92/43
OH359.388+0.066,265.97493621,-29.42327047,17 43 53.985,-29 25 23.77,Radio Obs. of OH/IR stars close to Gal.Center (Lindqvist+ 1992),J/A+AS/92/43
OH359.429+0.035,266.02882090,-29.40460632,17 44 06.917,-29 24 16.58,Radio Obs. of OH/IR stars close to Gal.Center (Lindqvist+ 1992),J/A+AS/92/43
OH359.437-0.051,266.11806380,-29.44279672,17 44 28.335,-29 26 34.07,Radio Obs. of OH/IR stars close to Gal.Center (Lindqvist+ 1992),J/A+AS/92/43
OH359.445-0.267,266.33495037,-29.54933340,17 45 20.388,-29 32 57.60,Radio Obs. of OH/IR stars close to Gal.Center (Lindqvist+ 1992),J/A+AS/92/43
OH359.487+0.081,266.01952911,-29.33174740,17 44 04.687,-29 19 54.29,Radio Obs. of OH/IR stars close to Gal.Center (Lindqvist+ 1992),J/A+AS/92/43
OH359.496-0.036,266.13917493,-29.38507961,17 44 33.402,-29 23 06.29,Radio Obs. of OH/IR stars close to Gal.Center (Lindqvist+ 1992),J/A+AS/92/43
OH359.502-0.054,266.16036260,-29.38960479,17 44 38.487,-29 23 22.58,Radio Obs. of OH/IR stars close to Gal.Center (Lindqvist+ 1992),J/A+AS/92/43
OH359.508+0.179,265.93652614,-29.26226232,17 43 44.766,-29 15 44.14,Radio Obs. of OH/IR stars close to Gal.Center (Lindqvist+ 1992),J/A+AS/92/43
OH359.513+0.174,265.94459908,-29.26033985,17 43 46.704,-29 15 37.22,Radio Obs. of OH/IR stars close to Gal.Center (Lindqvist+ 1992),J/A+AS/92/43
OH359.517+0.001,266.11578256,-29.34723681,17 44 27.788,-29 20 50.05,Radio Obs. of OH/IR stars close to Gal.Center (Lindqvist+ 1992),J/A+AS/92/43
OH359.576-0.091,266.24067965,-29.34514539,17 44 57.763,-29 20 42.52,Radio Obs. of OH/IR stars close to Gal.Center (Lindqvist+ 1992),J/A+AS/92/43
OH359.581-0.240,266.38962957,-29.41855515,17 45 33.511,-29 25 06.80,Radio Obs. of OH/IR stars close to Gal.Center (Lindqvist+ 1992),J/A+AS/92/43
OH359.598+0.000,266.16503760,-29.27964427,17 44 39.609,-29 16 46.72,Radio Obs. of OH/IR stars close to Gal.Center (Lindqvist+ 1992),J/A+AS/92/43
OH359.604-0.224,266.38753289,-29.39043431,17 45 33.008,-29 23 25.56,Radio Obs. of OH/IR stars close to Gal.Center (Lindqvist+ 1992),J/A+AS/92/43
OH359.634-0.195,266.37702602,-29.34987071,17 45 30.486,-29 20 59.53,Radio Obs. of OH/IR stars close to Gal.Center (Lindqvist+ 1992),J/A+AS/92/43
OH359.636-0.108,266.29318400,-29.30355415,17 45 10.364,-29 18 12.79,Radio Obs. of OH/IR stars close to Gal.Center (Lindqvist+ 1992),J/A+AS/92/43
OH359.636-0.108,266.29316609,-29.30335979,17 45 10.360,-29 18 12.09,Radio Obs. of OH/IR stars close to Gal.Center (Lindqvist+ 1992),J/A+AS/92/43
OH359.640-0.084,266.27197396,-29.28698724,17 45 05.274,-29 17 13.15,Radio Obs. of OH/IR stars close to Gal.Center (Lindqvist+ 1992),J/A+AS/92/43
OH359.652-0.131,266.32531641,-29.30104003,17 45 18.076,-29 18 03.74,Radio Obs. of OH/IR stars close to Gal.Center (Lindqvist+ 1992),J/A+AS/92/43
OH359.669-0.019,266.22609447,-29.22891146,17 44 54.263,-29 13 44.08,Radio Obs. of OH/IR stars close to Gal.Center (Lindqvist+ 1992),J/A+AS/92/43
OH359.675+0.069,266.14373866,-29.17705697,17 44 34.497,-29 10 37.40,Radio Obs. of OH/IR stars close to Gal.Center (Lindqvist+ 1992),J/A+AS/92/43
OH359.678-0.024,266.23680561,-29.22375391,17 44 56.833,-29 13 25.51,Radio Obs. of OH/IR stars close to Gal.Center (Lindqvist+ 1992),J/A+AS/92/43
OH359.678-0.024,266.23675494,-29.22365137,17 44 56.821,-29 13 25.14,Radio Obs. of OH/IR stars close to Gal.Center (Lindqvist+ 1992),J/A+AS/92/43
OH359.681-0.095,266.30820736,-29.25766393,17 45 13.970,-29 15 27.59,Radio Obs. of OH/IR stars close to Gal.Center (Lindqvist+ 1992),J/A+AS/92/43
OH359.681-0.095,266.30776668,-29.25783274,17 45 13.864,-29 15 28.20,Radio Obs. of OH/IR stars close to Gal.Center (Lindqvist+ 1992),J/A+AS/92/43
OH359.684-0.104,266.31823120,-29.26042372,17 45 16.375,-29 15 37.52,Radio Obs. of OH/IR stars close to Gal.Center (Lindqvist+ 1992),J/A+AS/92/43
OH359.711-0.100,266.33052984,-29.23493315,17 45 19.327,-29 14 05.76,Radio Obs. of OH/IR stars close to Gal.Center (Lindqvist+ 1992),J/A+AS/92/43
OH359.716-0.070,266.30350353,-29.21531661,17 45 12.841,-29 12 55.14,Radio Obs. of OH/IR stars close to Gal.Center (Lindqvist+ 1992),J/A+AS/92/43
OH359.716-0.070,266.30394839,-29.21514779,17 45 12.948,-29 12 54.53,Radio Obs. of OH/IR stars close to Gal.Center (Lindqvist+ 1992),J/A+AS/92/43
OH359.719+0.025,266.21354106,-29.16261291,17 44 51.250,-29 09 45.41,Radio Obs. of OH/IR stars close to Gal.Center (Lindqvist+ 1992),J/A+AS/92/43
OH359.745-0.404,266.64863983,-29.36437077,17 46 35.674,-29 21 51.73,Radio Obs. of OH/IR stars close to Gal.Center (Lindqvist+ 1992),J/A+AS/92/43
OH359.746+0.134,266.12241216,-29.08305605,17 44 29.379,-29 04 59.00,Radio Obs. of OH/IR stars close to Gal.Center (Lindqvist+ 1992),J/A+AS/92/43
OH359.746+0.134,266.12255236,-29.08281925,17 44 29.413,-29 04 58.15,Radio Obs. of OH/IR stars close to Gal.Center (Lindqvist+ 1992),J/A+AS/92/43
OH359.746+0.134,266.12266574,-29.08295482,17 44 29.440,-29 04 58.64,Radio Obs. of OH/IR stars close to Gal.Center (Lindqvist+ 1992),J/A+AS/92/43
OH359.748+0.274,265.98778105,-29.00788220,17 43 57.067,-29 00 28.38,Radio Obs. of OH/IR stars close to Gal.Center (Lindqvist+ 1992),J/A+AS/92/43
OH359.755+0.061,266.19993049,-29.11351420,17 44 47.983,-29 06 48.65,Radio Obs. of OH/IR stars close to Gal.Center (Lindqvist+ 1992),J/A+AS/92/43
OH359.760+0.072,266.19147196,-29.10392171,17 44 45.953,-29 06 14.12,Radio Obs. of OH/IR stars close to Gal.Center (Lindqvist+ 1992),J/A+AS/92/43
OH359.760+0.072,266.19154208,-29.10380748,17 44 45.970,-29 06 13.71,Radio Obs. of OH/IR stars close to Gal.Center (Lindqvist+ 1992),J/A+AS/92/43
OH359.762+0.120,266.14566372,-29.07659605,17 44 34.959,-29 04 35.75,Radio Obs. of OH/IR stars close to Gal.Center (Lindqvist+ 1992),J/A+AS/92/43
OH359.762+0.120,266.14563787,-29.07646284,17 44 34.953,-29 04 35.27,Radio Obs. of OH/IR stars close to Gal.Center (Lindqvist+ 1992),J/A+AS/92/43
OH359.762+0.120,266.14568396,-29.07650150,17 44 34.964,-29 04 35.40,Radio Obs. of OH/IR stars close to Gal.Center (Lindqvist+ 1992),J/A+AS/92/43
OH359.763-0.042,266.30452400,-29.16017746,17 45 13.086,-29 09 36.64,Radio Obs. of OH/IR stars close to Gal.Center (Lindqvist+ 1992),J/A+AS/92/43
OH359.763-0.042,266.30443540,-29.16000844,17 45 13.064,-29 09 36.03,Radio Obs. of OH/IR stars close to Gal.Center (Lindqvist+ 1992),J/A+AS/92/43
OH359.765+0.082,266.18518017,-29.09361037,17 44 44.443,-29 05 37.00,Radio Obs. of OH/IR stars close to Gal.Center (Lindqvist+ 1992),J/A+AS/92/43
OH359.768-0.207,266.46921481,-29.24184153,17 45 52.612,-29 14 30.63,Radio Obs. of OH/IR stars close to Gal.Center (Lindqvist+ 1992),J/A+AS/92/43
OH359.776-0.120,266.38874014,-29.18946416,17 45 33.298,-29 11 22.07,Radio Obs. of OH/IR stars close to Gal.Center (Lindqvist+ 1992),J/A+AS/92/43
OH359.776-0.120,266.38873359,-29.18974475,17 45 33.296,-29 11 23.08,Radio Obs. of OH/IR stars close to Gal.Center (Lindqvist+ 1992),J/A+AS/92/43
OH359.778+0.010,266.26318608,-29.12015496,17 45 03.165,-29 07 12.56,Radio Obs. of OH/IR stars close to Gal.Center (Lindqvist+ 1992),J/A+AS/92/43
OH359.778+0.010,266.26354453,-29.12016156,17 45 03.251,-29 07 12.58,Radio Obs. of OH/IR stars close to Gal.Center (Lindqvist+ 1992),J/A+AS/92/43
OH359.783-0.392,266.65893389,-29.32525078,17 46 38.144,-29 19 30.90,Radio Obs. of OH/IR stars close to Gal.Center (Lindqvist+ 1992),J/A+AS/92/43
OH359.799-0.090,266.37289023,-29.15459599,17 45 29.494,-29 09 16.55,Radio Obs. of OH/IR stars close to Gal.Center (Lindqvist+ 1992),J/A+AS/92/43
OH359.799-0.090,266.37290610,-29.15447091,17 45 29.497,-29 09 16.09,Radio Obs. of OH/IR stars close to Gal.Center (Lindqvist+ 1992),J/A+AS/92/43
OH359.800+0.165,266.12540348,-29.02046278,17 44 30.097,-29 01 13.67,Radio Obs. of OH/IR stars close to Gal.Center (Lindqvist+ 1992),J/A+AS/92/43
OH359.803-0.021,266.30741879,-29.11531272,17 45 13.781,-29 06 55.13,Radio Obs. of OH/IR stars close to Gal.Center (Lindqvist+ 1992),J/A+AS/92/43
OH359.803-0.248,266.53031370,-29.23319518,17 46 07.275,-29 13 59.50,Radio Obs. of OH/IR stars close to Gal.Center (Lindqvist+ 1992),J/A+AS/92/43
OH359.810-0.070,266.35982218,-29.13447290,17 45 26.357,-29 08 04.10,Radio Obs. of OH/IR stars close to Gal.Center (Lindqvist+ 1992),J/A+AS/92/43
OH359.810-0.070,266.35975100,-29.13442047,17 45 26.340,-29 08 03.91,Radio Obs. of OH/IR stars close to Gal.Center (Lindqvist+ 1992),J/A+AS/92/43
OH359.814-0.162,266.45214552,-29.17910107,17 45 48.515,-29 10 44.76,Radio Obs. of OH/IR stars close to Gal.Center (Lindqvist+ 1992),J/A+AS/92/43
OH359.825+0.153,266.15189744,-29.00545360,17 44 36.455,-29 00 19.63,Radio Obs. of OH/IR stars close to Gal.Center (Lindqvist+ 1992),J/A+AS/92/43
OH359.825+0.153,266.15189261,-29.00534807,17 44 36.454,-29 00 19.25,Radio Obs. of OH/IR stars close to Gal.Center (Lindqvist+ 1992),J/A+AS/92/43
OH359.825+0.153,266.15167374,-29.00566580,17 44 36.402,-29 00 20.40,Radio Obs. of OH/IR stars close to Gal.Center (Lindqvist+ 1992),J/A+AS/92/43
OH359.825-0.024,266.32427188,-29.09818076,17 45 17.825,-29 05 53.45,Radio Obs. of OH/IR stars close to Gal.Center (Lindqvist+ 1992),J/A+AS/92/43
OH359.825-0.024,266.32439649,-29.09811627,17 45 17.855,-29 05 53.22,Radio Obs. of OH/IR stars close to Gal.Center (Lindqvist+ 1992),J/A+AS/92/43
OH359.837+0.030,266.27877814,-29.05929232,17 45 06.907,-29 03 33.45,Radio Obs. of OH/IR stars close to Gal.Center (Lindqvist+ 1992),J/A+AS/92/43
OH359.837+0.030,266.27867262,-29.05908171,17 45 06.881,-29 03 32.69,Radio Obs. of OH/IR stars close to Gal.Center (Lindqvist+ 1992),J/A+AS/92/43
OH359.837+0.030,266.27888651,-29.05929457,17 45 06.933,-29 03 33.46,Radio Obs. of OH/IR stars close to Gal.Center (Lindqvist+ 1992),J/A+AS/92/43
OH359.851-0.533,266.83851399,-29.34030514,17 47 21.243,-29 20 25.10,Radio Obs. of OH/IR stars close to Gal.Center (Lindqvist+ 1992),J/A+AS/92/43
OH359.855-0.078,266.39500176,-29.10059073,17 45 34.800,-29 06 02.13,Radio Obs. of OH/IR stars close to Gal.Center (Lindqvist+ 1992),J/A+AS/92/43
OH359.855-0.078,266.39501068,-29.10068235,17 45 34.803,-29 06 02.46,Radio Obs. of OH/IR stars close to Gal.Center (Lindqvist+ 1992),J/A+AS/92/43
OH359.873-0.209,266.53344094,-29.15353153,17 46 08.026,-29 09 12.71,Radio Obs. of OH/IR stars close to Gal.Center (Lindqvist+ 1992),J/A+AS/92/43
OH359.880-0.087,266.41870698,-29.08423944,17 45 40.490,-29 05 03.26,Radio Obs. of OH/IR stars close to Gal.Center (Lindqvist+ 1992),J/A+AS/92/43
OH359.880-0.087,266.41871884,-29.08413938,17 45 40.493,-29 05 02.90,Radio Obs. of OH/IR stars close to Gal.Center (Lindqvist+ 1992),J/A+AS/92/43
OH359.888-0.051,266.38857614,-29.05801842,17 45 33.258,-29 03 28.87,Radio Obs. of OH/IR stars close to Gal.Center (Lindqvist+ 1992),J/A+AS/92/43
OH359.889+0.361,265.98733087,-28.84181231,17 43 56.959,-28 50 30.52,Radio Obs. of OH/IR stars close to Gal.Center (Lindqvist+ 1992),J/A+AS/92/43
OH359.890+0.155,266.18769524,-28.94927090,17 44 45.047,-28 56 57.37,Radio Obs. of OH/IR stars close to Gal.Center (Lindqvist+ 1992),J/A+AS/92/43
OH359.899+0.222,266.13009314,-28.90741049,17 44 31.222,-28 54 26.68,Radio Obs. of OH/IR stars close to Gal.Center (Lindqvist+ 1992),J/A+AS/92/43
OH359.899+0.222,266.12867194,-28.90674237,17 44 30.881,-28 54 24.27,Radio Obs. of OH/IR stars close to Gal.Center (Lindqvist+ 1992),J/A+AS/92/43
OH359.902+0.061,266.28746128,-28.98797132,17 45 08.991,-28 59 16.70,Radio Obs. of OH/IR stars close to Gal.Center (Lindqvist+ 1992),J/A+AS/92/43
OH359.906-0.041,266.38950630,-29.03777748,17 45 33.482,-29 02 16.00,Radio Obs. of OH/IR stars close to Gal.Center (Lindqvist+ 1992),J/A+AS/92/43
OH359.911-0.059,266.40963293,-29.04264388,17 45 38.312,-29 02 33.52,Radio Obs. of OH/IR stars close to Gal.Center (Lindqvist+ 1992),J/A+AS/92/43
OH359.924+0.034,266.32741406,-28.98315260,17 45 18.579,-28 58 59.35,Radio Obs. of OH/IR stars close to Gal.Center (Lindqvist+ 1992),J/A+AS/92/43
OH359.932-0.063,266.42544181,-29.02710867,17 45 42.106,-29 01 37.59,Radio Obs. of OH/IR stars close to Gal.Center (Lindqvist+ 1992),J/A+AS/92/43
OH359.938-0.077,266.44352285,-29.02945716,17 45 46.445,-29 01 46.05,Radio Obs. of OH/IR stars close to Gal.Center (Lindqvist+ 1992),J/A+AS/92/43
OH359.939-0.052,266.41950403,-29.01542338,17 45 40.681,-29 00 55.52,Radio Obs. of OH/IR stars close to Gal.Center (Lindqvist+ 1992),J/A+AS/92/43
OH359.943+0.260,266.11749960,-28.84885393,17 44 28.200,-28 50 55.87,Radio Obs. of OH/IR stars close to Gal.Center (Lindqvist+ 1992),J/A+AS/92/43
OH359.946-0.047,266.41933143,-29.00660185,17 45 40.640,-29 00 23.77,Radio Obs. of OH/IR stars close to Gal.Center (Lindqvist+ 1992),J/A+AS/92/43
OH359.952-0.036,266.41097849,-28.99588384,17 45 38.635,-28 59 45.18,Radio Obs. of OH/IR stars close to Gal.Center (Lindqvist+ 1992),J/A+AS/92/43
OH359.954-0.041,266.41740093,-28.99658883,17 45 40.176,-28 59 47.72,Radio Obs. of OH/IR stars close to Gal.Center (Lindqvist+ 1992),J/A+AS/92/43
OH359.955-0.031,266.40843076,-28.99040444,17 45 38.023,-28 59 25.46,Radio Obs. of OH/IR stars close to Gal.Center (Lindqvist+ 1992),J/A+AS/92/43
OH359.970-0.049,266.43473457,-28.98687687,17 45 44.336,-28 59 12.76,Radio Obs. of OH/IR stars close to Gal.Center (Lindqvist+ 1992),J/A+AS/92/43
OH359.971-0.119,266.50402789,-29.02308318,17 46 00.967,-29 01 23.10,Radio Obs. of OH/IR stars close to Gal.Center (Lindqvist+ 1992),J/A+AS/92/43
OH359.971-0.119,266.50378358,-29.02333159,17 46 00.908,-29 01 23.99,Radio Obs. of OH/IR stars close to Gal.Center (Lindqvist+ 1992),J/A+AS/92/43
OH359.974+0.162,266.23179545,-28.87402821,17 44 55.631,-28 52 26.50,Radio Obs. of OH/IR stars close to Gal.Center (Lindqvist+ 1992),J/A+AS/92/43
OH359.974+0.162,266.23172918,-28.87409242,17 44 55.615,-28 52 26.73,Radio Obs. of OH/IR stars close to Gal.Center (Lindqvist+ 1992),J/A+AS/92/43
OH359.977-0.087,266.47647223,-29.00070531,17 45 54.353,-29 00 02.54,Radio Obs. of OH/IR stars close to Gal.Center (Lindqvist+ 1992),J/A+AS/92/43
OH359.986-0.061,266.45603084,-28.98034853,17 45 49.447,-28 58 49.25,Radio Obs. of OH/IR stars close to Gal.Center (Lindqvist+ 1992),J/A+AS/92/43
OH359.996-0.144,266.54325821,-29.01480951,17 46 10.382,-29 00 53.31,Radio Obs. of OH/IR stars close to Gal.Center (Lindqvist+ 1992),J/A+AS/92/43
OH359.999-0.061,266.46385047,-28.96872710,17 45 51.324,-28 58 07.42,Radio Obs. of OH/IR stars close to Gal.Center (Lindqvist+ 1992),J/A+AS/92/43
OH0.001+0.352  ,266.06238717,-28.75168890,17 44 14.973,-28 45 06.08,Radio Obs. of OH/IR stars close to Gal.Center (Lindqvist+ 1992),J/A+AS/92/43
OH0.007-0.088  ,266.49552911,-28.97619864,17 45 58.927,-28 58 34.31,Radio Obs. of OH/IR stars close to Gal.Center (Lindqvist+ 1992),J/A+AS/92/43
OH0.018+0.156  ,266.26484839,-28.84041748,17 45 03.564,-28 50 25.50,Radio Obs. of OH/IR stars close to Gal.Center (Lindqvist+ 1992),J/A+AS/92/43
OH0.018+0.156  ,266.26371454,-28.83971463,17 45 03.291,-28 50 22.97,Radio Obs. of OH/IR stars close to Gal.Center (Lindqvist+ 1992),J/A+AS/92/43
OH0.019+0.345  ,266.08020928,-28.73937735,17 44 19.250,-28 44 21.76,Radio Obs. of OH/IR stars close to Gal.Center (Lindqvist+ 1992),J/A+AS/92/43
OH0.036-0.182  ,266.60385512,-28.99996269,17 46 24.925,-28 59 59.87,Radio Obs. of OH/IR stars close to Gal.Center (Lindqvist+ 1992),J/A+AS/92/43
OH0.036-0.182  ,266.60372131,-29.00054946,17 46 24.893,-29 00 01.98,Radio Obs. of OH/IR stars close to Gal.Center (Lindqvist+ 1992),J/A+AS/92/43
OH0.040-0.056  ,266.48374820,-28.93088004,17 45 56.100,-28 55 51.17,Radio Obs. of OH/IR stars close to Gal.Center (Lindqvist+ 1992),J/A+AS/92/43
OH0.040-0.056  ,266.48374338,-28.93077728,17 45 56.098,-28 55 50.80,Radio Obs. of OH/IR stars close to Gal.Center (Lindqvist+ 1992),J/A+AS/92/43
OH0.053-0.062  ,266.49772368,-28.92327328,17 45 59.454,-28 55 23.78,Radio Obs. of OH/IR stars close to Gal.Center (Lindqvist+ 1992),J/A+AS/92/43
OH0.060-0.018  ,266.45819816,-28.89413388,17 45 49.968,-28 53 38.88,Radio Obs. of OH/IR stars close to Gal.Center (Lindqvist+ 1992),J/A+AS/92/43
OH0.060-0.018  ,266.45797614,-28.89395440,17 45 49.914,-28 53 38.24,Radio Obs. of OH/IR stars close to Gal.Center (Lindqvist+ 1992),J/A+AS/92/43
OH0.071+0.127  ,266.32353860,-28.80988531,17 45 17.649,-28 48 35.59,Radio Obs. of OH/IR stars close to Gal.Center (Lindqvist+ 1992),J/A+AS/92/43
OH0.071+0.127  ,266.32345824,-28.80969959,17 45 17.630,-28 48 34.92,Radio Obs. of OH/IR stars close to Gal.Center (Lindqvist+ 1992),J/A+AS/92/43
OH0.071-0.205  ,266.64714377,-28.98238863,17 46 35.315,-28 58 56.60,Radio Obs. of OH/IR stars close to Gal.Center (Lindqvist+ 1992),J/A+AS/92/43
OH0.071-0.205  ,266.64716547,-28.98252463,17 46 35.320,-28 58 57.09,Radio Obs. of OH/IR stars close to Gal.Center (Lindqvist+ 1992),J/A+AS/92/43
OH0.071-0.205  ,266.64720773,-28.98261610,17 46 35.330,-28 58 57.42,Radio Obs. of OH/IR stars close to Gal.Center (Lindqvist+ 1992),J/A+AS/92/43
OH0.076+0.146  ,266.30810191,-28.79533213,17 45 13.944,-28 47 43.20,Radio Obs. of OH/IR stars close to Gal.Center (Lindqvist+ 1992),J/A+AS/92/43
OH0.076+0.146  ,266.30805568,-28.79527124,17 45 13.933,-28 47 42.98,Radio Obs. of OH/IR stars close to Gal.Center (Lindqvist+ 1992),J/A+AS/92/43
OH0.076+0.146  ,266.30806817,-28.79526840,17 45 13.936,-28 47 42.97,Radio Obs. of OH/IR stars close to Gal.Center (Lindqvist+ 1992),J/A+AS/92/43
OH0.079-0.114  ,266.56352704,-28.92834321,17 46 15.246,-28 55 42.04,Radio Obs. of OH/IR stars close to Gal.Center (Lindqvist+ 1992),J/A+AS/92/43
OH0.079-0.114  ,266.56362688,-28.92831495,17 46 15.270,-28 55 41.93,Radio Obs. of OH/IR stars close to Gal.Center (Lindqvist+ 1992),J/A+AS/92/43
OH0.079-0.114  ,266.56352938,-28.92871265,17 46 15.247,-28 55 43.37,Radio Obs. of OH/IR stars close to Gal.Center (Lindqvist+ 1992),J/A+AS/92/43
OH0.083+0.064  ,266.39231860,-28.83221338,17 45 34.156,-28 49 55.97,Radio Obs. of OH/IR stars close to Gal.Center (Lindqvist+ 1992),J/A+AS/92/43
OH0.096-0.427  ,266.87909328,-29.07599857,17 47 30.982,-29 04 33.59,Radio Obs. of OH/IR stars close to Gal.Center (Lindqvist+ 1992),J/A+AS/92/43
OH0.113-0.060  ,266.53121977,-28.87087950,17 46 07.493,-28 52 15.17,Radio Obs. of OH/IR stars close to Gal.Center (Lindqvist+ 1992),J/A+AS/92/43
OH0.113-0.060  ,266.53120776,-28.87095733,17 46 07.490,-28 52 15.45,Radio Obs. of OH/IR stars close to Gal.Center (Lindqvist+ 1992),J/A+AS/92/43
OH0.129+0.103  ,266.38123231,-28.77268563,17 45 31.496,-28 46 21.67,Radio Obs. of OH/IR stars close to Gal.Center (Lindqvist+ 1992),J/A+AS/92/43
OH0.129+0.103  ,266.38112047,-28.77279450,17 45 31.469,-28 46 22.06,Radio Obs. of OH/IR stars close to Gal.Center (Lindqvist+ 1992),J/A+AS/92/43
OH0.129+0.103  ,266.38121931,-28.77260791,17 45 31.493,-28 46 21.39,Radio Obs. of OH/IR stars close to Gal.Center (Lindqvist+ 1992),J/A+AS/92/43
OH0.129-0.020  ,266.50146814,-28.83660098,17 46 00.352,-28 50 11.76,Radio Obs. of OH/IR stars close to Gal.Center (Lindqvist+ 1992),J/A+AS/92/43
OH0.134-0.023  ,266.50710880,-28.83362636,17 46 01.706,-28 50 01.05,Radio Obs. of OH/IR stars close to Gal.Center (Lindqvist+ 1992),J/A+AS/92/43
OH0.138-0.136  ,266.61949896,-28.88859897,17 46 28.680,-28 53 18.96,Radio Obs. of OH/IR stars close to Gal.Center (Lindqvist+ 1992),J/A+AS/92/43
OH0.142+0.026  ,266.46406988,-28.80175674,17 45 51.377,-28 48 06.32,Radio Obs. of OH/IR stars close to Gal.Center (Lindqvist+ 1992),J/A+AS/92/43
OH0.142+0.026  ,266.46392034,-28.80183524,17 45 51.341,-28 48 06.61,Radio Obs. of OH/IR stars close to Gal.Center (Lindqvist+ 1992),J/A+AS/92/43
OH0.142+0.026  ,266.46396473,-28.80160447,17 45 51.352,-28 48 05.78,Radio Obs. of OH/IR stars close to Gal.Center (Lindqvist+ 1992),J/A+AS/92/43
OH0.173+0.211  ,266.30189453,-28.67867983,17 45 12.455,-28 40 43.25,Radio Obs. of OH/IR stars close to Gal.Center (Lindqvist+ 1992),J/A+AS/92/43
OH0.178-0.055  ,266.56400620,-28.81297795,17 46 15.361,-28 48 46.72,Radio Obs. of OH/IR stars close to Gal.Center (Lindqvist+ 1992),J/A+AS/92/43
OH0.178-0.055  ,266.56398621,-28.81311139,17 46 15.357,-28 48 47.20,Radio Obs. of OH/IR stars close to Gal.Center (Lindqvist+ 1992),J/A+AS/92/43
OH0.180-0.098  ,266.60671269,-28.83380733,17 46 25.611,-28 50 01.71,Radio Obs. of OH/IR stars close to Gal.Center (Lindqvist+ 1992),J/A+AS/92/43
OH0.180-0.098  ,266.60767740,-28.83346931,17 46 25.843,-28 50 00.49,Radio Obs. of OH/IR stars close to Gal.Center (Lindqvist+ 1992),J/A+AS/92/43
OH0.189+0.052  ,266.46681083,-28.74740093,17 45 52.035,-28 44 50.64,Radio Obs. of OH/IR stars close to Gal.Center (Lindqvist+ 1992),J/A+AS/92/43
OH0.189+0.052  ,266.46644046,-28.74748606,17 45 51.946,-28 44 50.95,Radio Obs. of OH/IR stars close to Gal.Center (Lindqvist+ 1992),J/A+AS/92/43
OH0.190+0.036  ,266.48250852,-28.75579162,17 45 55.802,-28 45 20.85,Radio Obs. of OH/IR stars close to Gal.Center (Lindqvist+ 1992),J/A+AS/92/43
OH0.190+0.036  ,266.48265017,-28.75512426,17 45 55.836,-28 45 18.45,Radio Obs. of OH/IR stars close to Gal.Center (Lindqvist+ 1992),J/A+AS/92/43
OH0.190+0.036  ,266.48270363,-28.75501011,17 45 55.849,-28 45 18.04,Radio Obs. of OH/IR stars close to Gal.Center (Lindqvist+ 1992),J/A+AS/92/43
OH0.200+0.233  ,266.29777874,-28.64386589,17 45 11.467,-28 38 37.92,Radio Obs. of OH/IR stars close to Gal.Center (Lindqvist+ 1992),J/A+AS/92/43
OH0.204+0.056  ,266.47184949,-28.73288738,17 45 53.244,-28 43 58.39,Radio Obs. of OH/IR stars close to Gal.Center (Lindqvist+ 1992),J/A+AS/92/43
OH0.217+0.023  ,266.51203415,-28.73911210,17 46 02.888,-28 44 20.80,Radio Obs. of OH/IR stars close to Gal.Center (Lindqvist+ 1992),J/A+AS/92/43
OH0.221+0.168  ,266.37271066,-28.65975571,17 45 29.451,-28 39 35.12,Radio Obs. of OH/IR stars close to Gal.Center (Lindqvist+ 1992),J/A+AS/92/43
OH0.225-0.055  ,266.59182387,-28.77333690,17 46 22.038,-28 46 24.01,Radio Obs. of OH/IR stars close to Gal.Center (Lindqvist+ 1992),J/A+AS/92/43
OH0.225-0.055  ,266.59212513,-28.77286598,17 46 22.110,-28 46 22.32,Radio Obs. of OH/IR stars close to Gal.Center (Lindqvist+ 1992),J/A+AS/92/43
OH0.241-0.014  ,266.56217825,-28.73794675,17 46 14.923,-28 44 16.61,Radio Obs. of OH/IR stars close to Gal.Center (Lindqvist+ 1992),J/A+AS/92/43
OH0.261-0.143  ,266.69921684,-28.78746915,17 46 47.812,-28 47 14.89,Radio Obs. of OH/IR stars close to Gal.Center (Lindqvist+ 1992),J/A+AS/92/43
OH0.265-0.078  ,266.63809642,-28.75040661,17 46 33.143,-28 45 01.46,Radio Obs. of OH/IR stars close to Gal.Center (Lindqvist+ 1992),J/A+AS/92/43
OH0.274+0.086  ,266.48374103,-28.65775355,17 45 56.098,-28 39 27.91,Radio Obs. of OH/IR stars close to Gal.Center (Lindqvist+ 1992),J/A+AS/92/43
OH0.307-0.176  ,266.75922230,-28.76543614,17 47 02.213,-28 45 55.57,Radio Obs. of OH/IR stars close to Gal.Center (Lindqvist+ 1992),J/A+AS/92/43
OH0.319-0.040  ,266.63396753,-28.68447282,17 46 32.152,-28 41 04.10,Radio Obs. of OH/IR stars close to Gal.Center (Lindqvist+ 1992),J/A+AS/92/43
OH0.333-0.137  ,266.73606180,-28.72283390,17 46 56.655,-28 43 22.20,Radio Obs. of OH/IR stars close to Gal.Center (Lindqvist+ 1992),J/A+AS/92/43
OH0.336-0.027  ,266.63074228,-28.66336035,17 46 31.378,-28 39 48.10,Radio Obs. of OH/IR stars close to Gal.Center (Lindqvist+ 1992),J/A+AS/92/43
OH0.349+0.053  ,266.56039473,-28.61093951,17 46 14.495,-28 36 39.38,Radio Obs. of OH/IR stars close to Gal.Center (Lindqvist+ 1992),J/A+AS/92/43
OH0.352+0.175  ,266.44426117,-28.54424594,17 45 46.623,-28 32 39.28,Radio Obs. of OH/IR stars close to Gal.Center (Lindqvist+ 1992),J/A+AS/92/43
OH0.379+0.159  ,266.47593846,-28.52968381,17 45 54.225,-28 31 46.86,Radio Obs. of OH/IR stars close to Gal.Center (Lindqvist+ 1992),J/A+AS/92/43
OH0.379+0.159  ,266.47588088,-28.52980631,17 45 54.211,-28 31 47.30,Radio Obs. of OH/IR stars close to Gal.Center (Lindqvist+ 1992),J/A+AS/92/43
OH0.395+0.008  ,266.63203083,-28.59462524,17 46 31.687,-28 35 40.65,Radio Obs. of OH/IR stars close to Gal.Center (Lindqvist+ 1992),J/A+AS/92/43
OH0.395+0.008  ,266.63211610,-28.59493039,17 46 31.708,-28 35 41.75,Radio Obs. of OH/IR stars close to Gal.Center (Lindqvist+ 1992),J/A+AS/92/43
OH0.430-0.027  ,266.68704704,-28.58296662,17 46 44.891,-28 34 58.68,Radio Obs. of OH/IR stars close to Gal.Center (Lindqvist+ 1992),J/A+AS/92/43
OH0.430-0.027  ,266.68688181,-28.58320075,17 46 44.852,-28 34 59.52,Radio Obs. of OH/IR stars close to Gal.Center (Lindqvist+ 1992),J/A+AS/92/43
OH0.437-0.179  ,266.83860513,-28.65597720,17 47 21.265,-28 39 21.52,Radio Obs. of OH/IR stars close to Gal.Center (Lindqvist+ 1992),J/A+AS/92/43
OH0.447-0.006  ,266.67634101,-28.55713757,17 46 42.322,-28 33 25.69,Radio Obs. of OH/IR stars close to Gal.Center (Lindqvist+ 1992),J/A+AS/92/43
OH0.447-0.006  ,266.67627201,-28.55743235,17 46 42.305,-28 33 26.76,Radio Obs. of OH/IR stars close to Gal.Center (Lindqvist+ 1992),J/A+AS/92/43
OH0.452+0.046  ,266.62812097,-28.52620979,17 46 30.749,-28 31 34.35,Radio Obs. of OH/IR stars close to Gal.Center (Lindqvist+ 1992),J/A+AS/92/43
OH0.453+0.026  ,266.64868319,-28.53549912,17 46 35.684,-28 32 07.80,Radio Obs. of OH/IR stars close to Gal.Center (Lindqvist+ 1992),J/A+AS/92/43
OH0.453+0.026  ,266.64852979,-28.53562487,17 46 35.647,-28 32 08.25,Radio Obs. of OH/IR stars close to Gal.Center (Lindqvist+ 1992),J/A+AS/92/43
OH0.484-0.167  ,266.85448050,-28.60924669,17 47 25.075,-28 36 33.29,Radio Obs. of OH/IR stars close to Gal.Center (Lindqvist+ 1992),J/A+AS/92/43
OH0.484-0.167  ,266.85446812,-28.60926620,17 47 25.072,-28 36 33.36,Radio Obs. of OH/IR stars close to Gal.Center (Lindqvist+ 1992),J/A+AS/92/43
OH0.495-0.211  ,266.90366705,-28.62293056,17 47 36.880,-28 37 22.55,Radio Obs. of OH/IR stars close to Gal.Center (Lindqvist+ 1992),J/A+AS/92/43
OH0.495-0.211  ,266.90356782,-28.62305605,17 47 36.856,-28 37 23.00,Radio Obs. of OH/IR stars close to Gal.Center (Lindqvist+ 1992),J/A+AS/92/43
OH0.517+0.050  ,266.66290242,-28.46844579,17 46 39.097,-28 28 06.40,Radio Obs. of OH/IR stars close to Gal.Center (Lindqvist+ 1992),J/A+AS/92/43
OH0.517+0.050  ,266.66265698,-28.46851643,17 46 39.038,-28 28 06.66,Radio Obs. of OH/IR stars close to Gal.Center (Lindqvist+ 1992),J/A+AS/92/43
OH0.523-0.206  ,266.91527956,-28.59611826,17 47 39.667,-28 35 46.03,Radio Obs. of OH/IR stars close to Gal.Center (Lindqvist+ 1992),J/A+AS/92/43
OH0.536-0.130  ,266.84995071,-28.54566489,17 47 23.988,-28 32 44.39,Radio Obs. of OH/IR stars close to Gal.Center (Lindqvist+ 1992),J/A+AS/92/43
OH0.543-0.043  ,266.76923363,-28.49485278,17 47 04.616,-28 29 41.47,Radio Obs. of OH/IR stars close to Gal.Center (Lindqvist+ 1992),J/A+AS/92/43
OH0.548-0.059  ,266.78734883,-28.49873999,17 47 08.964,-28 29 55.46,Radio Obs. of OH/IR stars close to Gal.Center (Lindqvist+ 1992),J/A+AS/92/43
OH0.589-0.108  ,266.85924501,-28.48876892,17 47 26.219,-28 29 19.57,Radio Obs. of OH/IR stars close to Gal.Center (Lindqvist+ 1992),J/A+AS/92/43
OH0.692-0.171  ,266.98133457,-28.43322863,17 47 55.520,-28 25 59.62,Radio Obs. of OH/IR stars close to Gal.Center (Lindqvist+ 1992),J/A+AS/92/43
OH0.713+0.084  ,266.74585870,-28.28339061,17 46 59.006,-28 17 00.21,Radio Obs. of OH/IR stars close to Gal.Center (Lindqvist+ 1992),J/A+AS/92/43
OH0.738+0.036  ,266.80622518,-28.28694791,17 47 13.494,-28 17 13.01,Radio Obs. of OH/IR stars close to Gal.Center (Lindqvist+ 1992),J/A+AS/92/43
OH0.814+0.179  ,266.71285617,-28.14782910,17 46 51.085,-28 08 52.18,Radio Obs. of OH/IR stars close to Gal.Center (Lindqvist+ 1992),J/A+AS/92/43
