IRAS 01065+3022,017.314359,+30.635408,IRAS PSC new OH/IR stars. III. (Chengalur+ 1993),J/ApJS/89/189
IRAS 05284+1945,082.852697,+19.788641,IRAS PSC new OH/IR stars. III. (Chengalur+ 1993),J/ApJS/89/189
IRAS 05423+2905,086.373629,+29.134531,IRAS PSC new OH/IR stars. III. (Chengalur+ 1993),J/ApJS/89/189
IRAS 05506+2414,088.436687,+24.245842,IRAS PSC new OH/IR stars. III. (Chengalur+ 1993),J/ApJS/89/189
IRAS 06238+0904,096.655494,+9.037725,IRAS PSC new OH/IR stars. III. (Chengalur+ 1993),J/ApJS/89/189
IRAS 06319+0415,098.656790,+4.212191,IRAS PSC new OH/IR stars. III. (Chengalur+ 1993),J/ApJS/89/189
IRAS 07331+0021,114.046097,+0.249103,IRAS PSC new OH/IR stars. III. (Chengalur+ 1993),J/ApJS/89/189
IRAS 09425+3444,146.390962,+34.512246,IRAS PSC new OH/IR stars. III. (Chengalur+ 1993),J/ApJS/89/189
IRAS 12562+2324,194.661396,+23.139778,IRAS PSC new OH/IR stars. III. (Chengalur+ 1993),J/ApJS/89/189
IRAS 16235+1900,246.448316,+18.891718,IRAS PSC new OH/IR stars. III. (Chengalur+ 1993),J/ApJS/89/189
IRAS 17554+2946,269.331497,+29.774766,IRAS PSC new OH/IR stars. III. (Chengalur+ 1993),J/ApJS/89/189
IRAS 18033+2229,271.351737,+22.499473,IRAS PSC new OH/IR stars. III. (Chengalur+ 1993),J/ApJS/89/189
IRAS 18085+0752,272.746015,+7.885498,IRAS PSC new OH/IR stars. III. (Chengalur+ 1993),J/ApJS/89/189
IRAS 18099+3127,272.949761,+31.471533,IRAS PSC new OH/IR stars. III. (Chengalur+ 1993),J/ApJS/89/189
IRAS 18236+0706,276.529067,+7.143258,IRAS PSC new OH/IR stars. III. (Chengalur+ 1993),J/ApJS/89/189
IRAS 18341+0005,279.170637,+0.133955,IRAS PSC new OH/IR stars. III. (Chengalur+ 1993),J/ApJS/89/189
IRAS 18349+1023,279.330685,+10.428177,IRAS PSC new OH/IR stars. III. (Chengalur+ 1993),J/ApJS/89/189
IRAS 18381+0020,280.185655,+0.394102,IRAS PSC new OH/IR stars. III. (Chengalur+ 1993),J/ApJS/89/189
IRAS 18407+0350,280.813124,+3.885476,IRAS PSC new OH/IR stars. III. (Chengalur+ 1993),J/ApJS/89/189
IRAS 18407+0901,280.789225,+6.079831,IRAS PSC new OH/IR stars. III. (Chengalur+ 1993),J/ApJS/89/189
IRAS 18415+0404,281.019503,+4.122298,IRAS PSC new OH/IR stars. III. (Chengalur+ 1993),J/ApJS/89/189
IRAS 18430+0039,281.406243,+0.712159,IRAS PSC new OH/IR stars. III. (Chengalur+ 1993),J/ApJS/89/189
IRAS 18435+0745,281.501365,+7.807138,IRAS PSC new OH/IR stars. III. (Chengalur+ 1993),J/ApJS/89/189
IRAS 18455+0448,282.008559,+4.858131,IRAS PSC new OH/IR stars. III. (Chengalur+ 1993),J/ApJS/89/189
IRAS 18475+0353,282.500065,+3.942124,IRAS PSC new OH/IR stars. III. (Chengalur+ 1993),J/ApJS/89/189
IRAS 18490+0302,282.899111,+3.099008,IRAS PSC new OH/IR stars. III. (Chengalur+ 1993),J/ApJS/89/189
IRAS 18497+0200,283.063204,+2.063941,IRAS PSC new OH/IR stars. III. (Chengalur+ 1993),J/ApJS/89/189
IRAS 18498-0017,283.089200,+0.360156,IRAS PSC new OH/IR stars. III. (Chengalur+ 1993),J/ApJS/89/189
IRAS 18517+0037,283.586844,+0.683904,IRAS PSC new OH/IR stars. III. (Chengalur+ 1993),J/ApJS/89/189
IRAS 18518+0358,283.573843,+4.043047,IRAS PSC new OH/IR stars. III. (Chengalur+ 1993),J/ApJS/89/189
IRAS 18525+0210,283.769884,+2.244787,IRAS PSC new OH/IR stars. III. (Chengalur+ 1993),J/ApJS/89/189
IRAS 18529+0210,283.859462,+2.246877,IRAS PSC new OH/IR stars. III. (Chengalur+ 1993),J/ApJS/89/189
IRAS 18530+0507,283.873816,+5.193922,IRAS PSC new OH/IR stars. III. (Chengalur+ 1993),J/ApJS/89/189
IRAS 18534+0215,283.995382,+2.318353,IRAS PSC new OH/IR stars. III. (Chengalur+ 1993),J/ApJS/89/189
IRAS 18548+0823,284.305321,+8.461828,IRAS PSC new OH/IR stars. III. (Chengalur+ 1993),J/ApJS/89/189
IRAS 18549+0208,284.360530,+2.203130,IRAS PSC new OH/IR stars. III. (Chengalur+ 1993),J/ApJS/89/189
IRAS 18560+0638,284.624580,+6.715535,IRAS PSC new OH/IR stars. III. (Chengalur+ 1993),J/ApJS/89/189
IRAS 18567+1046,284.780940,+10.849095,IRAS PSC new OH/IR stars. III. (Chengalur+ 1993),J/ApJS/89/189
IRAS 18568+0550,284.833025,+5.910951,IRAS PSC new OH/IR stars. III. (Chengalur+ 1993),J/ApJS/89/189
IRAS 18569+0553,284.839903,+5.954317,IRAS PSC new OH/IR stars. III. (Chengalur+ 1993),J/ApJS/89/189
IRAS 18572+0618,284.917871,+6.383855,IRAS PSC new OH/IR stars. III. (Chengalur+ 1993),J/ApJS/89/189
IRAS 18578+0831,285.073176,+8.591832,IRAS PSC new OH/IR stars. III. (Chengalur+ 1993),J/ApJS/89/189
IRAS 18596+0315,285.526100,+3.337511,IRAS PSC new OH/IR stars. III. (Chengalur+ 1993),J/ApJS/89/189
IRAS 19008+0907,285.819563,+9.202839,IRAS PSC new OH/IR stars. III. (Chengalur+ 1993),J/ApJS/89/189
IRAS 19012+1128,285.901563,+11.550471,IRAS PSC new OH/IR stars. III. (Chengalur+ 1993),J/ApJS/89/189
IRAS 19026+0336,286.290380,+3.682758,IRAS PSC new OH/IR stars. III. (Chengalur+ 1993),J/ApJS/89/189
IRAS 19026+1300,286.232063,+13.085089,IRAS PSC new OH/IR stars. III. (Chengalur+ 1993),J/ApJS/89/189
IRAS 19026+1613,286.266016,+16.302507,IRAS PSC new OH/IR stars. III. (Chengalur+ 1993),J/ApJS/89/189
IRAS 19035+0451,286.494137,+4.928723,IRAS PSC new OH/IR stars. III. (Chengalur+ 1993),J/ApJS/89/189
IRAS 19035+1010,286.480128,+10.244271,IRAS PSC new OH/IR stars. III. (Chengalur+ 1993),J/ApJS/89/189
IRAS 19038+0809,286.592297,+8.230050,IRAS PSC new OH/IR stars. III. (Chengalur+ 1993),J/ApJS/89/189
IRAS 19041+1734,286.600496,+17.657972,IRAS PSC new OH/IR stars. III. (Chengalur+ 1993),J/ApJS/89/189
IRAS 19047+0924,286.782978,+9.492897,IRAS PSC new OH/IR stars. III. (Chengalur+ 1993),J/ApJS/89/189
IRAS 19052+0922,286.912362,+9.454054,IRAS PSC new OH/IR stars. III. (Chengalur+ 1993),J/ApJS/89/189
IRAS 19054+0419,286.979609,+4.396535,IRAS PSC new OH/IR stars. III. (Chengalur+ 1993),J/ApJS/89/189
IRAS 19057+0141,287.075608,+1.773898,IRAS PSC new OH/IR stars. III. (Chengalur+ 1993),J/ApJS/89/189
IRAS 19060+1612,287.067667,+16.288465,IRAS PSC new OH/IR stars. III. (Chengalur+ 1993),J/ApJS/89/189
IRAS 19068+0016,287.342637,+0.354291,IRAS PSC new OH/IR stars. III. (Chengalur+ 1993),J/ApJS/89/189
IRAS 19074+0336,287.473796,+3.690213,IRAS PSC new OH/IR stars. III. (Chengalur+ 1993),J/ApJS/89/189
IRAS 19081+0322,287.652167,+3.417427,IRAS PSC new OH/IR stars. III. (Chengalur+ 1993),J/ApJS/89/189
IRAS 19063+0851,287.695005,+8.938796,IRAS PSC new OH/IR stars. III. (Chengalur+ 1993),J/ApJS/89/189
IRAS 19097+0411,288.053607,+4.281518,IRAS PSC new OH/IR stars. III. (Chengalur+ 1993),J/ApJS/89/189
IRAS 19112+0819,288.411402,+8.415438,IRAS PSC new OH/IR stars. III. (Chengalur+ 1993),J/ApJS/89/189
IRAS 19115+0752,288.499423,+7.955284,IRAS PSC new OH/IR stars. III. (Chengalur+ 1993),J/ApJS/89/189
IRAS 19131+1157,288.871339,+12.043709,IRAS PSC new OH/IR stars. III. (Chengalur+ 1993),J/ApJS/89/189
IRAS 19147+1349,289.255299,+13.922718,IRAS PSC new OH/IR stars. III. (Chengalur+ 1993),J/ApJS/89/189
IRAS 19149+1638,289.296454,+16.730716,IRAS PSC new OH/IR stars. III. (Chengalur+ 1993),J/ApJS/89/189
IRAS 19162+0607,289.670684,+6.219542,IRAS PSC new OH/IR stars. III. (Chengalur+ 1993),J/ApJS/89/189
IRAS 19168+0814,289.815460,+8.332727,IRAS PSC new OH/IR stars. III. (Chengalur+ 1993),J/ApJS/89/189
IRAS 19175+1042,289.985975,+10.801312,IRAS PSC new OH/IR stars. III. (Chengalur+ 1993),J/ApJS/89/189
IRAS 19175+1344,289.961843,+13.835678,IRAS PSC new OH/IR stars. III. (Chengalur+ 1993),J/ApJS/89/189
IRAS 19178+1206,290.058478,+12.206103,IRAS PSC new OH/IR stars. III. (Chengalur+ 1993),J/ApJS/89/189
IRAS 19184+1055,290.190443,+11.015582,IRAS PSC new OH/IR stars. III. (Chengalur+ 1993),J/ApJS/89/189
IRAS 19184+1055,290.190443,+11.015582,IRAS PSC new OH/IR stars. III. (Chengalur+ 1993),J/ApJS/89/189
IRAS 19192+0922,290.401569,+9.464307,IRAS PSC new OH/IR stars. III. (Chengalur+ 1993),J/ApJS/89/189
IRAS 19195+1747,290.432496,+17.885650,IRAS PSC new OH/IR stars. III. (Chengalur+ 1993),J/ApJS/89/189
IRAS 19201+1040,290.619239,+10.771424,IRAS PSC new OH/IR stars. III. (Chengalur+ 1993),J/ApJS/89/189
IRAS 19201+2101,290.585972,+21.126109,IRAS PSC new OH/IR stars. III. (Chengalur+ 1993),J/ApJS/89/189
IRAS 19206+2121,290.701025,+21.448581,IRAS PSC new OH/IR stars. III. (Chengalur+ 1993),J/ApJS/89/189
IRAS 19226+1401,291.225568,+14.125327,IRAS PSC new OH/IR stars. III. (Chengalur+ 1993),J/ApJS/89/189
IRAS 19248+1122,291.808381,+11.484050,IRAS PSC new OH/IR stars. III. (Chengalur+ 1993),J/ApJS/89/189
IRAS 19254+1631,291.923342,+16.622679,IRAS PSC new OH/IR stars. III. (Chengalur+ 1993),J/ApJS/89/189
IRAS 19261+1849,292.096598,+18.920708,IRAS PSC new OH/IR stars. III. (Chengalur+ 1993),J/ApJS/89/189
IRAS 19268+1539,292.292322,+15.763222,IRAS PSC new OH/IR stars. III. (Chengalur+ 1993),J/ApJS/89/189
IRAS 19271+1354,292.375797,+14.013024,IRAS PSC new OH/IR stars. III. (Chengalur+ 1993),J/ApJS/89/189
IRAS 19283+1944,292.623105,+19.844476,IRAS PSC new OH/IR stars. III. (Chengalur+ 1993),J/ApJS/89/189
IRAS 19290+1600,292.835457,+16.121223,IRAS PSC new OH/IR stars. III. (Chengalur+ 1993),J/ApJS/89/189
IRAS 19291+0502,292.903282,+5.143360,IRAS PSC new OH/IR stars. III. (Chengalur+ 1993),J/ApJS/89/189
IRAS 19305+2410,293.165781,+24.281682,IRAS PSC new OH/IR stars. III. (Chengalur+ 1993),J/ApJS/89/189
IRAS 19310+2044,293.299668,+20.858075,IRAS PSC new OH/IR stars. III. (Chengalur+ 1993),J/ApJS/89/189
IRAS 19312+1130,293.393785,+11.617287,IRAS PSC new OH/IR stars. III. (Chengalur+ 1993),J/ApJS/89/189
IRAS 19314+2059,293.394729,+21.104058,IRAS PSC new OH/IR stars. III. (Chengalur+ 1993),J/ApJS/89/189
IRAS 19323+1952,293.643065,+19.992098,IRAS PSC new OH/IR stars. III. (Chengalur+ 1993),J/ApJS/89/189
IRAS 19333+1918,293.878613,+19.418141,IRAS PSC new OH/IR stars. III. (Chengalur+ 1993),J/ApJS/89/189
IRAS 19343+2926,294.077159,+29.546641,IRAS PSC new OH/IR stars. III. (Chengalur+ 1993),J/ApJS/89/189
IRAS 19352+1914,294.358466,+19.347772,IRAS PSC new OH/IR stars. III. (Chengalur+ 1993),J/ApJS/89/189
IRAS 19359+1936,294.548007,+19.717782,IRAS PSC new OH/IR stars. III. (Chengalur+ 1993),J/ApJS/89/189
IRAS 19371+2855,294.780877,+29.043641,IRAS PSC new OH/IR stars. III. (Chengalur+ 1993),J/ApJS/89/189
IRAS 19412+1042,295.901793,+10.821433,IRAS PSC new OH/IR stars. III. (Chengalur+ 1993),J/ApJS/89/189
IRAS 19425+3323,296.121979,+33.509589,IRAS PSC new OH/IR stars. III. (Chengalur+ 1993),J/ApJS/89/189
IRAS 19451+1628,296.860615,+16.592616,IRAS PSC new OH/IR stars. III. (Chengalur+ 1993),J/ApJS/89/189
IRAS 19454+2536,296.877430,+25.725007,IRAS PSC new OH/IR stars. III. (Chengalur+ 1993),J/ApJS/89/189
IRAS 19464+3514,297.066934,+35.367891,IRAS PSC new OH/IR stars. III. (Chengalur+ 1993),J/ApJS/89/189
IRAS 19516+2217,298.456897,+22.427614,IRAS PSC new OH/IR stars. III. (Chengalur+ 1993),J/ApJS/89/189
IRAS 19535+2157,298.923182,+22.091546,IRAS PSC new OH/IR stars. III. (Chengalur+ 1993),J/ApJS/89/189
IRAS 19565+3140,299.624066,+31.803517,IRAS PSC new OH/IR stars. III. (Chengalur+ 1993),J/ApJS/89/189
IRAS 19566+3423,299.632668,+34.525531,IRAS PSC new OH/IR stars. III. (Chengalur+ 1993),J/ApJS/89/189
IRAS 19573+2204,299.871811,+22.217794,IRAS PSC new OH/IR stars. III. (Chengalur+ 1993),J/ApJS/89/189
IRAS 19575+1143,299.984011,+11.862338,IRAS PSC new OH/IR stars. III. (Chengalur+ 1993),J/ApJS/89/189
IRAS 19576+2814,299.911243,+28.385246,IRAS PSC new OH/IR stars. III. (Chengalur+ 1993),J/ApJS/89/189
IRAS 19579+2926,299.980203,+29.574995,IRAS PSC new OH/IR stars. III. (Chengalur+ 1993),J/ApJS/89/189
IRAS 19579+3223,299.961936,+32.535508,IRAS PSC new OH/IR stars. III. (Chengalur+ 1993),J/ApJS/89/189
IRAS 19588+2541,300.224368,+25.830705,IRAS PSC new OH/IR stars. III. (Chengalur+ 1993),J/ApJS/89/189
IRAS 20015+3019,300.895275,+30.465234,IRAS PSC new OH/IR stars. III. (Chengalur+ 1993),J/ApJS/89/189
IRAS 20047+1248,301.771055,+12.951209,IRAS PSC new OH/IR stars. III. (Chengalur+ 1993),J/ApJS/89/189
IRAS 20052+0554,301.930503,+6.053757,IRAS PSC new OH/IR stars. III. (Chengalur+ 1993),J/ApJS/89/189
IRAS 20110+3555,303.245272,+36.083601,IRAS PSC new OH/IR stars. III. (Chengalur+ 1993),J/ApJS/89/189
IRAS 20127+2430,303.729951,+24.654893,IRAS PSC new OH/IR stars. III. (Chengalur+ 1993),J/ApJS/89/189
IRAS 20140+3620,303.975775,+36.501289,IRAS PSC new OH/IR stars. III. (Chengalur+ 1993),J/ApJS/89/189
IRAS 20149+3440,304.209793,+34.823046,IRAS PSC new OH/IR stars. III. (Chengalur+ 1993),J/ApJS/89/189
IRAS 20272+3535,307.283310,+35.760753,IRAS PSC new OH/IR stars. III. (Chengalur+ 1993),J/ApJS/89/189
IRAS 20351+3450,309.281402,+35.018937,IRAS PSC new OH/IR stars. III. (Chengalur+ 1993),J/ApJS/89/189
IRAS 20410+2949,310.777297,+30.010304,IRAS PSC new OH/IR stars. III. (Chengalur+ 1993),J/ApJS/89/189
IRAS 20423+2742,311.121438,+27.884054,IRAS PSC new OH/IR stars. III. (Chengalur+ 1993),J/ApJS/89/189
IRAS 20529+3013,313.772682,+30.414997,IRAS PSC new OH/IR stars. III. (Chengalur+ 1993),J/ApJS/89/189
IRAS 20547+0247,314.318162,+2.979523,IRAS PSC new OH/IR stars. III. (Chengalur+ 1993),J/ApJS/89/189
IRAS 21074+1812,317.443096,+18.412724,IRAS PSC new OH/IR stars. III. (Chengalur+ 1993),J/ApJS/89/189
IRAS 21100+2205,318.070679,+22.299248,IRAS PSC new OH/IR stars. III. (Chengalur+ 1993),J/ApJS/89/189
IRAS 21576+3259,329.954085,+33.230014,IRAS PSC new OH/IR stars. III. (Chengalur+ 1993),J/ApJS/89/189
IRAS 22180+3225,335.087998,+32.677441,IRAS PSC new OH/IR stars. III. (Chengalur+ 1993),J/ApJS/89/189
IRAS 22510+3614,343.335088,+36.506816,IRAS PSC new OH/IR stars. III. (Chengalur+ 1993),J/ApJS/89/189
IRAS 22517+2223,343.551182,+22.659898,IRAS PSC new OH/IR stars. III. (Chengalur+ 1993),J/ApJS/89/189
IRAS 00025+0027,001.2139,+00.8079,IRAS PSC new OH/IR stars. III. (Chengalur+ 1993),J/ApJS/89/189
IRAS 01253+2816,022.0254,+28.5825,IRAS PSC new OH/IR stars. III. (Chengalur+ 1993),J/ApJS/89/189
IRAS 03214+3508,051.1643,+35.3589,IRAS PSC new OH/IR stars. III. (Chengalur+ 1993),J/ApJS/89/189
IRAS 03237+1149,051.6401,+12.0275,IRAS PSC new OH/IR stars. III. (Chengalur+ 1993),J/ApJS/89/189
IRAS 03256+3107,052.1755,+31.3949,IRAS PSC new OH/IR stars. III. (Chengalur+ 1993),J/ApJS/89/189
IRAS 03364+3606,054.8852,+36.3513,IRAS PSC new OH/IR stars. III. (Chengalur+ 1993),J/ApJS/89/189
IRAS 03415+3152,056.2383,+32.0978,IRAS PSC new OH/IR stars. III. (Chengalur+ 1993),J/ApJS/89/189
IRAS 03421+2935,056.3084,+29.8209,IRAS PSC new OH/IR stars. III. (Chengalur+ 1993),J/ApJS/89/189
IRAS 03453+3207,057.1173,+32.3857,IRAS PSC new OH/IR stars. III. (Chengalur+ 1993),J/ApJS/89/189
IRAS 03457+2322,057.2304,+23.6066,IRAS PSC new OH/IR stars. III. (Chengalur+ 1993),J/ApJS/89/189
IRAS 03496+3519,058.2400,+35.5403,IRAS PSC new OH/IR stars. III. (Chengalur+ 1993),J/ApJS/89/189
IRAS 04101+3103,063.3470,+31.2956,IRAS PSC new OH/IR stars. III. (Chengalur+ 1993),J/ApJS/89/189
IRAS 04106+2617,063.4185,+26.5141,IRAS PSC new OH/IR stars. III. (Chengalur+ 1993),J/ApJS/89/189
IRAS 04108+2803,063.4977,+28.3117,IRAS PSC new OH/IR stars. III. (Chengalur+ 1993),J/ApJS/89/189
IRAS 04111+2804,063.5737,+28.2428,IRAS PSC new OH/IR stars. III. (Chengalur+ 1993),J/ApJS/89/189
IRAS 04112+2803,063.5737,+28.2428,IRAS PSC new OH/IR stars. III. (Chengalur+ 1993),J/ApJS/89/189
IRAS 04155+2812,064.6832,+28.3799,IRAS PSC new OH/IR stars. III. (Chengalur+ 1993),J/ApJS/89/189
IRAS 04188+2819,065.4812,+28.5092,IRAS PSC new OH/IR stars. III. (Chengalur+ 1993),J/ApJS/89/189
IRAS 04190+1924,065.5482,+19.6129,IRAS PSC new OH/IR stars. III. (Chengalur+ 1993),J/ApJS/89/189
IRAS 04236+2559,066.6450,+26.1884,IRAS PSC new OH/IR stars. III. (Chengalur+ 1993),J/ApJS/89/189
IRAS 04239+2436,066.6768,+24.8008,IRAS PSC new OH/IR stars. III. (Chengalur+ 1993),J/ApJS/89/189
IRAS 04287+1807,067.9325,+18.3214,IRAS PSC new OH/IR stars. III. (Chengalur+ 1993),J/ApJS/89/189
IRAS 04292+3100,068.0845,+31.2282,IRAS PSC new OH/IR stars. III. (Chengalur+ 1993),J/ApJS/89/189
IRAS 04305+2414,068.3930,+24.3734,IRAS PSC new OH/IR stars. III. (Chengalur+ 1993),J/ApJS/89/189
IRAS 04353+2604,069.6853,+26.2453,IRAS PSC new OH/IR stars. III. (Chengalur+ 1993),J/ApJS/89/189
IRAS 04377+2232,070.1704,+22.7214,IRAS PSC new OH/IR stars. III. (Chengalur+ 1993),J/ApJS/89/189
IRAS 04395+3601,070.7126,+36.1673,IRAS PSC new OH/IR stars. III. (Chengalur+ 1993),J/ApJS/89/189
IRAS 04470+3002,072.5694,+30.2404,IRAS PSC new OH/IR stars. III. (Chengalur+ 1993),J/ApJS/89/189
IRAS 04483+2826,072.9142,+28.5856,IRAS PSC new OH/IR stars. III. (Chengalur+ 1993),J/ApJS/89/189
IRAS 04486+3042,072.8962,+30.8476,IRAS PSC new OH/IR stars. III. (Chengalur+ 1993),J/ApJS/89/189
IRAS 04493+2533,073.1406,+25.7430,IRAS PSC new OH/IR stars. III. (Chengalur+ 1993),J/ApJS/89/189
IRAS 05040+0028,076.6836,+00.6356,IRAS PSC new OH/IR stars. III. (Chengalur+ 1993),J/ApJS/89/189
IRAS 05046+3020,076.9563,+30.4065,IRAS PSC new OH/IR stars. III. (Chengalur+ 1993),J/ApJS/89/189
IRAS 05130+3415,079.0771,+34.4129,IRAS PSC new OH/IR stars. III. (Chengalur+ 1993),J/ApJS/89/189
IRAS 05131+1155,079.0042,+12.0147,IRAS PSC new OH/IR stars. III. (Chengalur+ 1993),J/ApJS/89/189
IRAS 05147+3343,079.5649,+33.8417,IRAS PSC new OH/IR stars. III. (Chengalur+ 1993),J/ApJS/89/189
IRAS 05185+0718,080.3607,+07.4011,IRAS PSC new OH/IR stars. III. (Chengalur+ 1993),J/ApJS/89/189
IRAS 05204+3227,080.9174,+32.5590,IRAS PSC new OH/IR stars. III. (Chengalur+ 1993),J/ApJS/89/189
IRAS 05255+3222,082.2662,+32.4808,IRAS PSC new OH/IR stars. III. (Chengalur+ 1993),J/ApJS/89/189
IRAS 05288+3318,083.0994,+33.4196,IRAS PSC new OH/IR stars. III. (Chengalur+ 1993),J/ApJS/89/189
IRAS 05304+2425,083.4047,+24.5469,IRAS PSC new OH/IR stars. III. (Chengalur+ 1993),J/ApJS/89/189
IRAS 05314+2200,083.6770,+22.1079,IRAS PSC new OH/IR stars. III. (Chengalur+ 1993),J/ApJS/89/189
IRAS 05315+2540,083.7074,+25.7881,IRAS PSC new OH/IR stars. III. (Chengalur+ 1993),J/ApJS/89/189
IRAS 05328+2443,084.0204,+24.7854,IRAS PSC new OH/IR stars. III. (Chengalur+ 1993),J/ApJS/89/189
IRAS 05342+2744,084.3782,+27.8268,IRAS PSC new OH/IR stars. III. (Chengalur+ 1993),J/ApJS/89/189
IRAS 05354+2458,084.6385,+25.0213,IRAS PSC new OH/IR stars. III. (Chengalur+ 1993),J/ApJS/89/189
IRAS 05373+3551,085.0818,+35.8834,IRAS PSC new OH/IR stars. III. (Chengalur+ 1993),J/ApJS/89/189
IRAS 05374+3153,085.1068,+31.8886,IRAS PSC new OH/IR stars. III. (Chengalur+ 1993),J/ApJS/89/189
IRAS 05378+2804,085.3017,+28.2211,IRAS PSC new OH/IR stars. III. (Chengalur+ 1993),J/ApJS/89/189
IRAS 05390+1448,085.5131,+14.9004,IRAS PSC new OH/IR stars. III. (Chengalur+ 1993),J/ApJS/89/189
IRAS 05405+3240,085.8624,+32.7559,IRAS PSC new OH/IR stars. III. (Chengalur+ 1993),J/ApJS/89/189
IRAS 05443+0007,086.7308,+00.2419,IRAS PSC new OH/IR stars. III. (Chengalur+ 1993),J/ApJS/89/189
IRAS 05452+2001,087.1310,+20.1116,IRAS PSC new OH/IR stars. III. (Chengalur+ 1993),J/ApJS/89/189
IRAS 05481+2541,087.8971,+25.7654,IRAS PSC new OH/IR stars. III. (Chengalur+ 1993),J/ApJS/89/189
IRAS 05489+2701,087.9423,+27.0686,IRAS PSC new OH/IR stars. III. (Chengalur+ 1993),J/ApJS/89/189
IRAS 05539+2016,089.2162,+20.3348,IRAS PSC new OH/IR stars. III. (Chengalur+ 1993),J/ApJS/89/189
IRAS 05551+2305,089.5620,+23.1762,IRAS PSC new OH/IR stars. III. (Chengalur+ 1993),J/ApJS/89/189
IRAS 05568+3206,089.8992,+32.1019,IRAS PSC new OH/IR stars. III. (Chengalur+ 1993),J/ApJS/89/189
IRAS 05580+2224,090.2363,+22.4952,IRAS PSC new OH/IR stars. III. (Chengalur+ 1993),J/ApJS/89/189
IRAS 06002+2033,090.8711,+20.6455,IRAS PSC new OH/IR stars. III. (Chengalur+ 1993),J/ApJS/89/189
IRAS 06015+3407,091.1258,+34.1590,IRAS PSC new OH/IR stars. III. (Chengalur+ 1993),J/ApJS/89/189
IRAS 06034+1354,091.5770,+13.9209,IRAS PSC new OH/IR stars. III. (Chengalur+ 1993),J/ApJS/89/189
IRAS 06062+2140,092.2114,+21.6886,IRAS PSC new OH/IR stars. III. (Chengalur+ 1993),J/ApJS/89/189
IRAS 06086+1113,092.8267,+11.2882,IRAS PSC new OH/IR stars. III. (Chengalur+ 1993),J/ApJS/89/189
IRAS 06101+2039,093.2166,+20.6066,IRAS PSC new OH/IR stars. III. (Chengalur+ 1993),J/ApJS/89/189
IRAS 06119+1220,093.7017,+12.4352,IRAS PSC new OH/IR stars. III. (Chengalur+ 1993),J/ApJS/89/189
IRAS 06120+1222,093.7017,+12.4352,IRAS PSC new OH/IR stars. III. (Chengalur+ 1993),J/ApJS/89/189
IRAS 06133+1734,093.9896,+17.5892,IRAS PSC new OH/IR stars. III. (Chengalur+ 1993),J/ApJS/89/189
IRAS 06162+0813,094.7344,+08.2193,IRAS PSC new OH/IR stars. III. (Chengalur+ 1993),J/ApJS/89/189
IRAS 06182+1355,095.3098,+13.9580,IRAS PSC new OH/IR stars. III. (Chengalur+ 1993),J/ApJS/89/189
IRAS 06223+1740,096.2419,+17.6024,IRAS PSC new OH/IR stars. III. (Chengalur+ 1993),J/ApJS/89/189
IRAS 06241+1025,096.7207,+10.5013,IRAS PSC new OH/IR stars. III. (Chengalur+ 1993),J/ApJS/89/189
IRAS 06276+0805,097.6277,+08.1480,IRAS PSC new OH/IR stars. III. (Chengalur+ 1993),J/ApJS/89/189
IRAS 06291+0122,097.9551,+01.4490,IRAS PSC new OH/IR stars. III. (Chengalur+ 1993),J/ApJS/89/189
IRAS 06346+1444,099.3117,+14.7443,IRAS PSC new OH/IR stars. III. (Chengalur+ 1993),J/ApJS/89/189
IRAS 06379+0950,100.0484,+09.8374,IRAS PSC new OH/IR stars. III. (Chengalur+ 1993),J/ApJS/89/189
IRAS 06428+0805,101.3336,+08.0177,IRAS PSC new OH/IR stars. III. (Chengalur+ 1993),J/ApJS/89/189
IRAS 06442+0119,101.7135,+01.3588,IRAS PSC new OH/IR stars. III. (Chengalur+ 1993),J/ApJS/89/189
IRAS 06447+0817,108.1417,+11.3686,IRAS PSC new OH/IR stars. III. (Chengalur+ 1993),J/ApJS/89/189
IRAS 06497+1842,103.1038,+18.6663,IRAS PSC new OH/IR stars. III. (Chengalur+ 1993),J/ApJS/89/189
IRAS Q6498+3524,103.2631,+35.3482,IRAS PSC new OH/IR stars. III. (Chengalur+ 1993),J/ApJS/89/189
IRAS 06515+0051,103.4636,+00.7947,IRAS PSC new OH/IR stars. III. (Chengalur+ 1993),J/ApJS/89/189
IRAS 06531+0410,103.8820,+04.1513,IRAS PSC new OH/IR stars. III. (Chengalur+ 1993),J/ApJS/89/189
IRAS 06531+0453,103.8773,+04.8214,IRAS PSC new OH/IR stars. III. (Chengalur+ 1993),J/ApJS/89/189
IRAS 06564+2606,104.8362,+26.1257,IRAS PSC new OH/IR stars. III. (Chengalur+ 1993),J/ApJS/89/189
IRAS 07062+2222,107.2894,+22.3306,IRAS PSC new OH/IR stars. III. (Chengalur+ 1993),J/ApJS/89/189
IRAS 07144+1759,109.2764,+17.9483,IRAS PSC new OH/IR stars. III. (Chengalur+ 1993),J/ApJS/89/189
IRAS 07308+3037,113.4934,+30.5095,IRAS PSC new OH/IR stars. III. (Chengalur+ 1993),J/ApJS/89/189
IRAS 10203+0647,155.7172,+06.5759,IRAS PSC new OH/IR stars. III. (Chengalur+ 1993),J/ApJS/89/189
IRAS 12016+1903,181.0450,+18.7782,IRAS PSC new OH/IR stars. III. (Chengalur+ 1993),J/ApJS/89/189
IRAS 12020+0254,181.1054,+02.5853,IRAS PSC new OH/IR stars. III. (Chengalur+ 1993),J/ApJS/89/189
IRAS 12254+1904,186.9387,+18.7406,IRAS PSC new OH/IR stars. III. (Chengalur+ 1993),J/ApJS/89/189
IRAS 13573+2801,209.9863,+27.7694,IRAS PSC new OH/IR stars. III. (Chengalur+ 1993),J/ApJS/89/189
IRAS 16487+1025,252.8279,+10.2608,IRAS PSC new OH/IR stars. III. (Chengalur+ 1993),J/ApJS/89/189
IRAS 17534+2603,268.9346,+25.9905,IRAS PSC new OH/IR stars. III. (Chengalur+ 1993),J/ApJS/89/189
IRAS 18005+2058,270.6677,+20.9776,IRAS PSC new OH/IR stars. III. (Chengalur+ 1993),J/ApJS/89/189
IRAS 18025+0245,271.2930,+02.6538,IRAS PSC new OH/IR stars. III. (Chengalur+ 1993),J/ApJS/89/189
IRAS 18026+0424,264.9505,+07.4534,IRAS PSC new OH/IR stars. III. (Chengalur+ 1993),J/ApJS/89/189
IRAS 18047+0822,271.7780,+08.3067,IRAS PSC new OH/IR stars. III. (Chengalur+ 1993),J/ApJS/89/189
IRAS 18120+1408,273.5844,+14.1243,IRAS PSC new OH/IR stars. III. (Chengalur+ 1993),J/ApJS/89/189
IRAS 18240+2326,276.5823,+23.4303,IRAS PSC new OH/IR stars. III. (Chengalur+ 1993),J/ApJS/89/189
IRAS 18244+0107,276.7746,+01.0641,IRAS PSC new OH/IR stars. III. (Chengalur+ 1993),J/ApJS/89/189
IRAS 18280+0521,277.5979,+05.3277,IRAS PSC new OH/IR stars. III. (Chengalur+ 1993),J/ApJS/89/189
IRAS 18340+0335,279.1612,+03.5355,IRAS PSC new OH/IR stars. III. (Chengalur+ 1993),J/ApJS/89/189
IRAS 18355+0211,279.5546,+02.1043,IRAS PSC new OH/IR stars. III. (Chengalur+ 1993),J/ApJS/89/189
IRAS 18361+1108,279.5989,+11.0980,IRAS PSC new OH/IR stars. III. (Chengalur+ 1993),J/ApJS/89/189
IRAS 18365+0011,279.8060,+00.1812,IRAS PSC new OH/IR stars. III. (Chengalur+ 1993),J/ApJS/89/189
IRAS 18384+0017,280.2987,+00.2654,IRAS PSC new OH/IR stars. III. (Chengalur+ 1993),J/ApJS/89/189
IRAS 18386+0006,280.2965,+00.0420,IRAS PSC new OH/IR stars. III. (Chengalur+ 1993),J/ApJS/89/189
IRAS 18388+0052,280.3941,+00.8901,IRAS PSC new OH/IR stars. III. (Chengalur+ 1993),J/ApJS/89/189
IRAS 18391+0805,280.4295,+08.0293,IRAS PSC new OH/IR stars. III. (Chengalur+ 1993),J/ApJS/89/189
IRAS 18394+2845,280.3564,+28.8037,IRAS PSC new OH/IR stars. III. (Chengalur+ 1993),J/ApJS/89/189
IRAS 18401+2854,280.5484,+28.9422,IRAS PSC new OH/IR stars. III. (Chengalur+ 1993),J/ApJS/89/189
IRAS 18408+0215,280.8530,+02.2262,IRAS PSC new OH/IR stars. III. (Chengalur+ 1993),J/ApJS/89/189
IRAS 18418+0204,281.1203,+02.0897,IRAS PSC new OH/IR stars. III. (Chengalur+ 1993),J/ApJS/89/189
IRAS 18428+0158,281.3876,+01.9531,IRAS PSC new OH/IR stars. III. (Chengalur+ 1993),J/ApJS/89/189
IRAS 18433+0524,281.4574,+05.3925,IRAS PSC new OH/IR stars. III. (Chengalur+ 1993),J/ApJS/89/189
IRAS 18460+1903,282.1058,+19.0480,IRAS PSC new OH/IR stars. III. (Chengalur+ 1993),J/ApJS/89/189
IRAS 18462+1208,282.1902,+12.1668,IRAS PSC new OH/IR stars. III. (Chengalur+ 1993),J/ApJS/89/189
IRAS 18463+0038,282.2697,+00.6034,IRAS PSC new OH/IR stars. III. (Chengalur+ 1993),J/ApJS/89/189
IRAS 18475+0926,282.5101,+09.4474,IRAS PSC new OH/IR stars. III. (Chengalur+ 1993),J/ApJS/89/189
IRAS 18476+0045,282.5845,+00.7792,IRAS PSC new OH/IR stars. III. (Chengalur+ 1993),J/ApJS/89/189
IRAS 18478+2155,282.5062,+21.9271,IRAS PSC new OH/IR stars. III. (Chengalur+ 1993),J/ApJS/89/189
IRAS 18495+0637,282.9935,+06.6317,IRAS PSC new OH/IR stars. III. (Chengalur+ 1993),J/ApJS/89/189
IRAS 18500+0646,283.1745,+06.7643,IRAS PSC new OH/IR stars. III. (Chengalur+ 1993),J/ApJS/89/189
IRAS 18513+0235,283.4967,+02.5591,IRAS PSC new OH/IR stars. III. (Chengalur+ 1993),J/ApJS/89/189
IRAS 18520+1446,283.6512,+14.7920,IRAS PSC new OH/IR stars. III. (Chengalur+ 1993),J/ApJS/89/189
IRAS 18528+0417,283.8273,+04.2999,IRAS PSC new OH/IR stars. III. (Chengalur+ 1993),J/ApJS/89/189
IRAS 18531+0016,283.8327,+00.3643,IRAS PSC new OH/IR stars. III. (Chengalur+ 1993),J/ApJS/89/189
IRAS 18531+1829,283.8121,+18.4833,IRAS PSC new OH/IR stars. III. (Chengalur+ 1993),J/ApJS/89/189
IRAS 18542+0430,284.1888,+04.5646,IRAS PSC new OH/IR stars. III. (Chengalur+ 1993),J/ApJS/89/189
IRAS 18555+0056,284.4647,+00.9393,IRAS PSC new OH/IR stars. III. (Chengalur+ 1993),J/ApJS/89/189
IRAS 18567+1436,284.8059,+14.5656,IRAS PSC new OH/IR stars. III. (Chengalur+ 1993),J/ApJS/89/189
IRAS 18573+0334,284.9410,+03.6175,IRAS PSC new OH/IR stars. III. (Chengalur+ 1993),J/ApJS/89/189
IRAS 18580+0922,285.0928,+09.3841,IRAS PSC new OH/IR stars. III. (Chengalur+ 1993),J/ApJS/89/189
IRAS 18590+2025,285.3096,+20.4414,IRAS PSC new OH/IR stars. III. (Chengalur+ 1993),J/ApJS/89/189
IRAS 18592+0121,285.3639,+01.3768,IRAS PSC new OH/IR stars. III. (Chengalur+ 1993),J/ApJS/89/189
IRAS 18592+0422,285.3536,+04.4178,IRAS PSC new OH/IR stars. III. (Chengalur+ 1993),J/ApJS/89/189
IRAS 18596+1428,285.5440,+14.4271,IRAS PSC new OH/IR stars. III. (Chengalur+ 1993),J/ApJS/89/189
IRAS 19002+0822,285.7159,+08.3938,IRAS PSC new OH/IR stars. III. (Chengalur+ 1993),J/ApJS/89/189
IRAS 19005+0843,285.7648,+08.7062,IRAS PSC new OH/IR stars. III. (Chengalur+ 1993),J/ApJS/89/189
IRAS 19007+1450,285.7777,+14.8716,IRAS PSC new OH/IR stars. III. (Chengalur+ 1993),J/ApJS/89/189
IRAS 19010+1201,285.8920,+12.0125,IRAS PSC new OH/IR stars. III. (Chengalur+ 1993),J/ApJS/89/189
IRAS 19011+1049,285.8804,+10.8955,IRAS PSC new OH/IR stars. III. (Chengalur+ 1993),J/ApJS/89/189
IRAS 19013+3353,285.7875,+33.8788,IRAS PSC new OH/IR stars. III. (Chengalur+ 1993),J/ApJS/89/189
IRAS 19014+2904,285.8905,+29.0833,IRAS PSC new OH/IR stars. III. (Chengalur+ 1993),J/ApJS/89/189
IRAS 19015+1431,285.9604,+14.5576,IRAS PSC new OH/IR stars. III. (Chengalur+ 1993),J/ApJS/89/189
IRAS 19019+1324,286.0428,+13.3959,IRAS PSC new OH/IR stars. III. (Chengalur+ 1993),J/ApJS/89/189
IRAS 19021+0936,286.1385,+09.6407,IRAS PSC new OH/IR stars. III. (Chengalur+ 1993),J/ApJS/89/189
IRAS 19025+0702,286.2861,+07.0897,IRAS PSC new OH/IR stars. III. (Chengalur+ 1993),J/ApJS/89/189
IRAS 19026+0007,286.2008,+00.1607,IRAS PSC new OH/IR stars. III. (Chengalur+ 1993),J/ApJS/89/189
IRAS 19029+0808,286.3908,+08.1617,IRAS PSC new OH/IR stars. III. (Chengalur+ 1993),J/ApJS/89/189
IRAS 19029+0839,286.3070,+08.6548,IRAS PSC new OH/IR stars. III. (Chengalur+ 1993),J/ApJS/89/189
IRAS 19029+2305,286.2512,+23.1076,IRAS PSC new OH/IR stars. III. (Chengalur+ 1993),J/ApJS/89/189
IRAS 19032+1715,286.3499,+17.2762,IRAS PSC new OH/IR stars. III. (Chengalur+ 1993),J/ApJS/89/189
IRAS 19035+0040,286.4746,+00.6937,IRAS PSC new OH/IR stars. III. (Chengalur+ 1993),J/ApJS/89/189
IRAS 19039+1232,286.6301,+12.5404,IRAS PSC new OH/IR stars. III. (Chengalur+ 1993),J/ApJS/89/189
IRAS 19039+1634,286.5791,+16.6051,IRAS PSC new OH/IR stars. III. (Chengalur+ 1993),J/ApJS/89/189
IRAS 19039+1733,286.4919,+17.5427,IRAS PSC new OH/IR stars. III. (Chengalur+ 1993),J/ApJS/89/189
IRAS 19040+2416,286.5336,+24.3066,IRAS PSC new OH/IR stars. III. (Chengalur+ 1993),J/ApJS/89/189
IRAS 19044+0709,286.6936,+07.2184,IRAS PSC new OH/IR stars. III. (Chengalur+ 1993),J/ApJS/89/189
IRAS 19044+0833,286.7128,+08.5599,IRAS PSC new OH/IR stars. III. (Chengalur+ 1993),J/ApJS/89/189
IRAS 19044+1214,286.7183,+12.2711,IRAS PSC new OH/IR stars. III. (Chengalur+ 1993),J/ApJS/89/189
IRAS 19048+1258,286.8649,+12.9843,IRAS PSC new OH/IR stars. III. (Chengalur+ 1993),J/ApJS/89/189
IRAS 19052+1233,286.9061,+12.6262,IRAS PSC new OH/IR stars. III. (Chengalur+ 1993),J/ApJS/89/189
IRAS 19055+1437,286.9313,+14.6368,IRAS PSC new OH/IR stars. III. (Chengalur+ 1993),J/ApJS/89/189
IRAS 19061+3424,286.9998,+34.3859,IRAS PSC new OH/IR stars. III. (Chengalur+ 1993),J/ApJS/89/189
IRAS 19062+0117,287.1528,+01.3555,IRAS PSC new OH/IR stars. III. (Chengalur+ 1993),J/ApJS/89/189
IRAS 19063+0245,287.1263,+02.8303,IRAS PSC new OH/IR stars. III. (Chengalur+ 1993),J/ApJS/89/189
IRAS 19071+1413,287.3871,+14.1840,IRAS PSC new OH/IR stars. III. (Chengalur+ 1993),J/ApJS/89/189
IRAS 19071+2934,287.3099,+29.5821,IRAS PSC new OH/IR stars. III. (Chengalur+ 1993),J/ApJS/89/189
IRAS 19075+0921,287.4954,+09.3979,IRAS PSC new OH/IR stars. III. (Chengalur+ 1993),J/ApJS/89/189
IRAS 19076+0614,287.4450,+06.2680,IRAS PSC new OH/IR stars. III. (Chengalur+ 1993),J/ApJS/89/189
IRAS 19087+1413,287.7567,+14.2233,IRAS PSC new OH/IR stars. III. (Chengalur+ 1993),J/ApJS/89/189
IRAS 19088+2154,287.7994,+21.9445,IRAS PSC new OH/IR stars. III. (Chengalur+ 1993),J/ApJS/89/189
IRAS 19090+1746,287.8077,+17.7967,IRAS PSC new OH/IR stars. III. (Chengalur+ 1993),J/ApJS/89/189
IRAS 19093+1026,287.9215,+10.4196,IRAS PSC new OH/IR stars. III. (Chengalur+ 1993),J/ApJS/89/189
IRAS 19094+0006,287.8998,+00.1851,IRAS PSC new OH/IR stars. III. (Chengalur+ 1993),J/ApJS/89/189
IRAS 19097+1906,288.0599,+19.1325,IRAS PSC new OH/IR stars. III. (Chengalur+ 1993),J/ApJS/89/189
IRAS 19103+1229,288.2332,+12.5163,IRAS PSC new OH/IR stars. III. (Chengalur+ 1993),J/ApJS/89/189
IRAS 19114+0743,288.3726,+07.8175,IRAS PSC new OH/IR stars. III. (Chengalur+ 1993),J/ApJS/89/189
IRAS 19121+2859,288.5449,+29.0525,IRAS PSC new OH/IR stars. III. (Chengalur+ 1993),J/ApJS/89/189
IRAS 19128+2159,288.8121,+22.0224,IRAS PSC new OH/IR stars. III. (Chengalur+ 1993),J/ApJS/89/189
IRAS 19131+1551,288.8980,+15.9026,IRAS PSC new OH/IR stars. III. (Chengalur+ 1993),J/ApJS/89/189
IRAS 19135+0931,288.8596,+09.5972,IRAS PSC new OH/IR stars. III. (Chengalur+ 1993),J/ApJS/89/189
IRAS 19137+1210,289.0060,+12.2332,IRAS PSC new OH/IR stars. III. (Chengalur+ 1993),J/ApJS/89/189
IRAS 19143+1817,289.1806,+18.3557,IRAS PSC new OH/IR stars. III. (Chengalur+ 1993),J/ApJS/89/189
IRAS 19144+0948,289.1383,+09.9045,IRAS PSC new OH/IR stars. III. (Chengalur+ 1993),J/ApJS/89/189
IRAS 19148+1138,289.1772,+11.6929,IRAS PSC new OH/IR stars. III. (Chengalur+ 1993),J/ApJS/89/189
IRAS 19150+1927,289.3451,+19.5142,IRAS PSC new OH/IR stars. III. (Chengalur+ 1993),J/ApJS/89/189
IRAS 19151+1456,289.3429,+14.9994,IRAS PSC new OH/IR stars. III. (Chengalur+ 1993),J/ApJS/89/189
IRAS 19157+0904,289.4402,+09.1826,IRAS PSC new OH/IR stars. III. (Chengalur+ 1993),J/ApJS/89/189
IRAS 19158+0450,289.4901,+04.9804,IRAS PSC new OH/IR stars. III. (Chengalur+ 1993),J/ApJS/89/189
IRAS 19166+0327,289.7333,+03.5026,IRAS PSC new OH/IR stars. III. (Chengalur+ 1993),J/ApJS/89/189
IRAS 19180+1116,290.0368,+11.3603,IRAS PSC new OH/IR stars. III. (Chengalur+ 1993),J/ApJS/89/189
IRAS 19180+1230,290.0226,+12.6132,IRAS PSC new OH/IR stars. III. (Chengalur+ 1993),J/ApJS/89/189
IRAS 19190+0034,290.2733,+00.6405,IRAS PSC new OH/IR stars. III. (Chengalur+ 1993),J/ApJS/89/189
IRAS 19190+1048,290.2533,+10.9078,IRAS PSC new OH/IR stars. III. (Chengalur+ 1993),J/ApJS/89/189
IRAS 19193+0933,290.3569,+09.6084,IRAS PSC new OH/IR stars. III. (Chengalur+ 1993),J/ApJS/89/189
IRAS 19194+1734,290.4329,+17.6131,IRAS PSC new OH/IR stars. III. (Chengalur+ 1993),J/ApJS/89/189
IRAS 19195+1650,290.5069,+16.8956,IRAS PSC new OH/IR stars. III. (Chengalur+ 1993),J/ApJS/89/189
IRAS 19207+1504,290.7802,+15.0542,IRAS PSC new OH/IR stars. III. (Chengalur+ 1993),J/ApJS/89/189
IRAS 19211+0749,290.8123,+07.8986,IRAS PSC new OH/IR stars. III. (Chengalur+ 1993),J/ApJS/89/189
IRAS 19211+1606,290.9047,+16.1246,IRAS PSC new OH/IR stars. III. (Chengalur+ 1993),J/ApJS/89/189
IRAS 19220+2754,291.0770,+27.9135,IRAS PSC new OH/IR stars. III. (Chengalur+ 1993),J/ApJS/89/189
IRAS 19223+1359,291.0757,+14.1065,IRAS PSC new OH/IR stars. III. (Chengalur+ 1993),J/ApJS/89/189
IRAS 19224+1035,291.1574,+10.6603,IRAS PSC new OH/IR stars. III. (Chengalur+ 1993),J/ApJS/89/189
IRAS 19227+1719,291.2714,+17.4116,IRAS PSC new OH/IR stars. III. (Chengalur+ 1993),J/ApJS/89/189
IRAS 19228+1528,291.1658,+15.5356,IRAS PSC new OH/IR stars. III. (Chengalur+ 1993),J/ApJS/89/189
IRAS 19236+1359,291.3969,+14.0524,IRAS PSC new OH/IR stars. III. (Chengalur+ 1993),J/ApJS/89/189
IRAS 19236+2003,291.4501,+20.0457,IRAS PSC new OH/IR stars. III. (Chengalur+ 1993),J/ApJS/89/189
IRAS 19237+0736,291.4832,+07.6576,IRAS PSC new OH/IR stars. III. (Chengalur+ 1993),J/ApJS/89/189
IRAS 19240+2322,291.5556,+23.3957,IRAS PSC new OH/IR stars. III. (Chengalur+ 1993),J/ApJS/89/189
IRAS 19243+1113,291.6324,+11.3170,IRAS PSC new OH/IR stars. III. (Chengalur+ 1993),J/ApJS/89/189
IRAS 19244+1809,291.7204,+18.2036,IRAS PSC new OH/IR stars. III. (Chengalur+ 1993),J/ApJS/89/189
IRAS 19244+2015,291.6955,+20.2622,IRAS PSC new OH/IR stars. III. (Chengalur+ 1993),J/ApJS/89/189
IRAS 19246+1736,291.7475,+17.6210,IRAS PSC new OH/IR stars. III. (Chengalur+ 1993),J/ApJS/89/189
IRAS 19249+0814,291.7266,+08.3205,IRAS PSC new OH/IR stars. III. (Chengalur+ 1993),J/ApJS/89/189
IRAS 19250+0934,291.7646,+09.6594,IRAS PSC new OH/IR stars. III. (Chengalur+ 1993),J/ApJS/89/189
IRAS 19253+1922,291.9023,+19.3612,IRAS PSC new OH/IR stars. III. (Chengalur+ 1993),J/ApJS/89/189
IRAS 19255+2341,292.0058,+23.7405,IRAS PSC new OH/IR stars. III. (Chengalur+ 1993),J/ApJS/89/189
IRAS 19260+2208,292.0476,+22.1299,IRAS PSC new OH/IR stars. III. (Chengalur+ 1993),J/ApJS/89/189
IRAS 19262+1925,292.0967,+19.4892,IRAS PSC new OH/IR stars. III. (Chengalur+ 1993),J/ApJS/89/189
IRAS 19263+1810,292.1909,+18.1885,IRAS PSC new OH/IR stars. III. (Chengalur+ 1993),J/ApJS/89/189
IRAS 19264+1132,292.1439,+11.6140,IRAS PSC new OH/IR stars. III. (Chengalur+ 1993),J/ApJS/89/189
IRAS 19267+1354,292.1785,+13.9829,IRAS PSC new OH/IR stars. III. (Chengalur+ 1993),J/ApJS/89/189
IRAS 19268+1904,292.2746,+19.1701,IRAS PSC new OH/IR stars. III. (Chengalur+ 1993),J/ApJS/89/189
IRAS 19270+1000,292.2317,+10.0917,IRAS PSC new OH/IR stars. III. (Chengalur+ 1993),J/ApJS/89/189
IRAS 19270+2209,292.3403,+22.2101,IRAS PSC new OH/IR stars. III. (Chengalur+ 1993),J/ApJS/89/189
IRAS 19273+2317,292.3816,+23.3267,IRAS PSC new OH/IR stars. III. (Chengalur+ 1993),J/ApJS/89/189
IRAS 19276+2158,292.4783,+22.0267,IRAS PSC new OH/IR stars. III. (Chengalur+ 1993),J/ApJS/89/189
IRAS 19280+1442,292.5322,+14.8208,IRAS PSC new OH/IR stars. III. (Chengalur+ 1993),J/ApJS/89/189
IRAS 19281+2621,292.5921,+26.4037,IRAS PSC new OH/IR stars. III. (Chengalur+ 1993),J/ApJS/89/189
IRAS 19282+2253,292.6596,+22.9599,IRAS PSC new OH/IR stars. III. (Chengalur+ 1993),J/ApJS/89/189
IRAS 19285+0517,292.6396,+05.3507,IRAS PSC new OH/IR stars. III. (Chengalur+ 1993),J/ApJS/89/189
IRAS 19297+2300,292.9544,+23.0392,IRAS PSC new OH/IR stars. III. (Chengalur+ 1993),J/ApJS/89/189
IRAS 19309+2022,293.2790,+20.4766,IRAS PSC new OH/IR stars. III. (Chengalur+ 1993),J/ApJS/89/189
IRAS 19315+1807,293.4176,+18.2332,IRAS PSC new OH/IR stars. III. (Chengalur+ 1993),J/ApJS/89/189
IRAS 19315+2554,293.4723,+25.9723,IRAS PSC new OH/IR stars. III. (Chengalur+ 1993),J/ApJS/89/189
IRAS 19317+2159,293.4945,+22.0795,IRAS PSC new OH/IR stars. III. (Chengalur+ 1993),J/ApJS/89/189
IRAS 19319+2253,293.5350,+22.9729,IRAS PSC new OH/IR stars. III. (Chengalur+ 1993),J/ApJS/89/189
IRAS 19320+2013,293.5590,+20.3313,IRAS PSC new OH/IR stars. III. (Chengalur+ 1993),J/ApJS/89/189
IRAS 19323+2103,293.6417,+21.0890,IRAS PSC new OH/IR stars. III. (Chengalur+ 1993),J/ApJS/89/189
IRAS 19326+1529,293.6758,+15.5826,IRAS PSC new OH/IR stars. III. (Chengalur+ 1993),J/ApJS/89/189
IRAS 19340+3630,293.9356,+36.5243,IRAS PSC new OH/IR stars. III. (Chengalur+ 1993),J/ApJS/89/189
IRAS 19342+2331,294.1484,+23.5747,IRAS PSC new OH/IR stars. III. (Chengalur+ 1993),J/ApJS/89/189
IRAS 19344+1921,294.1366,+19.4567,IRAS PSC new OH/IR stars. III. (Chengalur+ 1993),J/ApJS/89/189
IRAS 19346+1209,294.1337,+12.2556,IRAS PSC new OH/IR stars. III. (Chengalur+ 1993),J/ApJS/89/189
IRAS 19351+1922,294.2810,+19.4951,IRAS PSC new OH/IR stars. III. (Chengalur+ 1993),J/ApJS/89/189
IRAS 19352+2000,294.2625,+20.0779,IRAS PSC new OH/IR stars. III. (Chengalur+ 1993),J/ApJS/89/189
IRAS 19360+1629,294.5156,+16.6201,IRAS PSC new OH/IR stars. III. (Chengalur+ 1993),J/ApJS/89/189
IRAS 19360+2317,294.5289,+23.3791,IRAS PSC new OH/IR stars. III. (Chengalur+ 1993),J/ApJS/89/189
IRAS 19361+1805,294.5016,+18.2318,IRAS PSC new OH/IR stars. III. (Chengalur+ 1993),J/ApJS/89/189
IRAS 19361+2259,294.5585,+23.0196,IRAS PSC new OH/IR stars. III. (Chengalur+ 1993),J/ApJS/89/189
IRAS 19366+2147,294.6875,+21.8048,IRAS PSC new OH/IR stars. III. (Chengalur+ 1993),J/ApJS/89/189
IRAS 19373+2403,294.8627,+24.1251,IRAS PSC new OH/IR stars. III. (Chengalur+ 1993),J/ApJS/89/189
IRAS 19380+1745,294.9999,+17.8503,IRAS PSC new OH/IR stars. III. (Chengalur+ 1993),J/ApJS/89/189
IRAS 19382+2753,295.0756,+27.9199,IRAS PSC new OH/IR stars. III. (Chengalur+ 1993),J/ApJS/89/189
IRAS 19393+2447,295.4464,+24.8583,IRAS PSC new OH/IR stars. III. (Chengalur+ 1993),J/ApJS/89/189
IRAS 19399+2258,295.4884,+23.1095,IRAS PSC new OH/IR stars. III. (Chengalur+ 1993),J/ApJS/89/189
IRAS 19400+3415,295.5410,+34.3341,IRAS PSC new OH/IR stars. III. (Chengalur+ 1993),J/ApJS/89/189
IRAS 19405+2722,295.6515,+27.4005,IRAS PSC new OH/IR stars. III. (Chengalur+ 1993),J/ApJS/89/189
IRAS 19405+2938,295.6903,+29.6810,IRAS PSC new OH/IR stars. III. (Chengalur+ 1993),J/ApJS/89/189
IRAS 19410+2700,295.8328,+27.0780,IRAS PSC new OH/IR stars. III. (Chengalur+ 1993),J/ApJS/89/189
IRAS 19410+2800,295.7914,+28.0203,IRAS PSC new OH/IR stars. III. (Chengalur+ 1993),J/ApJS/89/189
IRAS 19411+2400,295.8411,+24.0767,IRAS PSC new OH/IR stars. III. (Chengalur+ 1993),J/ApJS/89/189
IRAS 19414+3004,295.8754,+30.1643,IRAS PSC new OH/IR stars. III. (Chengalur+ 1993),J/ApJS/89/189
IRAS 19415+2832,295.8760,+28.5533,IRAS PSC new OH/IR stars. III. (Chengalur+ 1993),J/ApJS/89/189
IRAS 19417+2930,295.9900,+29.5323,IRAS PSC new OH/IR stars. III. (Chengalur+ 1993),J/ApJS/89/189
IRAS 19417+3053,295.9751,+30.9199,IRAS PSC new OH/IR stars. III. (Chengalur+ 1993),J/ApJS/89/189
IRAS 19419+0248,296.0287,+02.9778,IRAS PSC new OH/IR stars. III. (Chengalur+ 1993),J/ApJS/89/189
IRAS 19419+1436,295.9959,+14.6696,IRAS PSC new OH/IR stars. III. (Chengalur+ 1993),J/ApJS/89/189
IRAS 19420+2707,296.0421,+27.2016,IRAS PSC new OH/IR stars. III. (Chengalur+ 1993),J/ApJS/89/189
IRAS 19420+3318,295.9675,+33.3338,IRAS PSC new OH/IR stars. III. (Chengalur+ 1993),J/ApJS/89/189
IRAS 19423+1653,296.0810,+17.0342,IRAS PSC new OH/IR stars. III. (Chengalur+ 1993),J/ApJS/89/189
IRAS 19424+3011,296.1910,+30.2382,IRAS PSC new OH/IR stars. III. (Chengalur+ 1993),J/ApJS/89/189
IRAS 19427+3034,296.1627,+30.5976,IRAS PSC new OH/IR stars. III. (Chengalur+ 1993),J/ApJS/89/189
IRAS 19429+2721,296.3081,+27.4115,IRAS PSC new OH/IR stars. III. (Chengalur+ 1993),J/ApJS/89/189
IRAS 19430+1918,296.1753,+19.4007,IRAS PSC new OH/IR stars. III. (Chengalur+ 1993),J/ApJS/89/189
IRAS 19434+2320,296.3401,+23.4672,IRAS PSC new OH/IR stars. III. (Chengalur+ 1993),J/ApJS/89/189
IRAS 19448+3443,296.7119,+34.8177,IRAS PSC new OH/IR stars. III. (Chengalur+ 1993),J/ApJS/89/189
IRAS 19450+1556,296.8172,+16.0540,IRAS PSC new OH/IR stars. III. (Chengalur+ 1993),J/ApJS/89/189
IRAS 19450+2635,296.8593,+26.6639,IRAS PSC new OH/IR stars. III. (Chengalur+ 1993),J/ApJS/89/189
IRAS 19451+3045,296.8561,+30.8300,IRAS PSC new OH/IR stars. III. (Chengalur+ 1993),J/ApJS/89/189
IRAS 19452+3010,296.8657,+30.2474,IRAS PSC new OH/IR stars. III. (Chengalur+ 1993),J/ApJS/89/189
IRAS 19454+3356,296.8154,+33.9636,IRAS PSC new OH/IR stars. III. (Chengalur+ 1993),J/ApJS/89/189
IRAS 19455+2319,296.8266,+23.4392,IRAS PSC new OH/IR stars. III. (Chengalur+ 1993),J/ApJS/89/189
IRAS 19457+2346,296.8581,+23.8855,IRAS PSC new OH/IR stars. III. (Chengalur+ 1993),J/ApJS/89/189
IRAS 19463+3428,297.0728,+34.5316,IRAS PSC new OH/IR stars. III. (Chengalur+ 1993),J/ApJS/89/189
IRAS 19470+2603,297.2679,+26.1017,IRAS PSC new OH/IR stars. III. (Chengalur+ 1993),J/ApJS/89/189
IRAS 19485+3235,297.6782,+32.6193,IRAS PSC new OH/IR stars. III. (Chengalur+ 1993),J/ApJS/89/189
IRAS 19488+2358,297.6071,+24.0633,IRAS PSC new OH/IR stars. III. (Chengalur+ 1993),J/ApJS/89/189
IRAS 19494+2701,297.8939,+27.0486,IRAS PSC new OH/IR stars. III. (Chengalur+ 1993),J/ApJS/89/189
IRAS 19494+2939,297.8611,+29.7408,IRAS PSC new OH/IR stars. III. (Chengalur+ 1993),J/ApJS/89/189
IRAS 19500+2511,297.9968,+25.2482,IRAS PSC new OH/IR stars. III. (Chengalur+ 1993),J/ApJS/89/189
IRAS 19507+2929,298.1578,+29.5873,IRAS PSC new OH/IR stars. III. (Chengalur+ 1993),J/ApJS/89/189
IRAS 19510+1917,298.2654,+19.4056,IRAS PSC new OH/IR stars. III. (Chengalur+ 1993),J/ApJS/89/189
IRAS 19519+2527,298.4708,+25.5746,IRAS PSC new OH/IR stars. III. (Chengalur+ 1993),J/ApJS/89/189
IRAS 19520+0533,298.5229,+05.6487,IRAS PSC new OH/IR stars. III. (Chengalur+ 1993),J/ApJS/89/189
IRAS 19524+2957,298.6122,+30.0504,IRAS PSC new OH/IR stars. III. (Chengalur+ 1993),J/ApJS/89/189
IRAS 19525+2648,298.5869,+26.9121,IRAS PSC new OH/IR stars. III. (Chengalur+ 1993),J/ApJS/89/189
IRAS 19536+2556,298.8148,+26.0885,IRAS PSC new OH/IR stars. III. (Chengalur+ 1993),J/ApJS/89/189
IRAS 19536+3237,298.9608,+32.6727,IRAS PSC new OH/IR stars. III. (Chengalur+ 1993),J/ApJS/89/189
IRAS 19537+2850,299.0215,+28.9002,IRAS PSC new OH/IR stars. III. (Chengalur+ 1993),J/ApJS/89/189
IRAS 19541+2807,298.9591,+28.2316,IRAS PSC new OH/IR stars. III. (Chengalur+ 1993),J/ApJS/89/189
IRAS 19547+2417,299.1110,+24.4072,IRAS PSC new OH/IR stars. III. (Chengalur+ 1993),J/ApJS/89/189
IRAS 19552+3142,299.3002,+31.7968,IRAS PSC new OH/IR stars. III. (Chengalur+ 1993),J/ApJS/89/189
IRAS 19559+3301,299.5352,+33.0811,IRAS PSC new OH/IR stars. III. (Chengalur+ 1993),J/ApJS/89/189
IRAS 19563+2512,299.4956,+25.3648,IRAS PSC new OH/IR stars. III. (Chengalur+ 1993),J/ApJS/89/189
IRAS 19565+1620,299.5956,+16.4499,IRAS PSC new OH/IR stars. III. (Chengalur+ 1993),J/ApJS/89/189
IRAS 19565+2109,299.6163,+21.3210,IRAS PSC new OH/IR stars. III. (Chengalur+ 1993),J/ApJS/89/189
IRAS 19567+2818,299.6430,+28.4501,IRAS PSC new OH/IR stars. III. (Chengalur+ 1993),J/ApJS/89/189
IRAS 19570+2904,299.6123,+29.1707,IRAS PSC new OH/IR stars. III. (Chengalur+ 1993),J/ApJS/89/189
IRAS 19572+3125,299.8012,+31.5356,IRAS PSC new OH/IR stars. III. (Chengalur+ 1993),J/ApJS/89/189
IRAS 19573+3143,299.8243,+31.7583,IRAS PSC new OH/IR stars. III. (Chengalur+ 1993),J/ApJS/89/189
IRAS 19575+1953,299.8846,+20.0018,IRAS PSC new OH/IR stars. III. (Chengalur+ 1993),J/ApJS/89/189
IRAS 19577+2430,299.9236,+24.6582,IRAS PSC new OH/IR stars. III. (Chengalur+ 1993),J/ApJS/89/189
IRAS 19579+1053,300.0053,+11.0388,IRAS PSC new OH/IR stars. III. (Chengalur+ 1993),J/ApJS/89/189
IRAS 19579+3653,299.9958,+36.9498,IRAS PSC new OH/IR stars. III. (Chengalur+ 1993),J/ApJS/89/189
IRAS 19583+1323,300.0765,+13.5190,IRAS PSC new OH/IR stars. III. (Chengalur+ 1993),J/ApJS/89/189
IRAS 19584+2652,300.1080,+27.0217,IRAS PSC new OH/IR stars. III. (Chengalur+ 1993),J/ApJS/89/189
IRAS 19586+3637,300.1434,+36.7600,IRAS PSC new OH/IR stars. III. (Chengalur+ 1993),J/ApJS/89/189
IRAS 19587+2257,300.1680,+23.1137,IRAS PSC new OH/IR stars. III. (Chengalur+ 1993),J/ApJS/89/189
IRAS 19587+3208,300.1964,+32.2686,IRAS PSC new OH/IR stars. III. (Chengalur+ 1993),J/ApJS/89/189
IRAS 19589+2505,300.1767,+25.2208,IRAS PSC new OH/IR stars. III. (Chengalur+ 1993),J/ApJS/89/189
IRAS 19590+2515,300.2930,+25.3907,IRAS PSC new OH/IR stars. III. (Chengalur+ 1993),J/ApJS/89/189
IRAS 19591+1817,300.2227,+18.4099,IRAS PSC new OH/IR stars. III. (Chengalur+ 1993),J/ApJS/89/189
IRAS 19592+2422,300.2044,+24.5007,IRAS PSC new OH/IR stars. III. (Chengalur+ 1993),J/ApJS/89/189
IRAS 19593+3322,300.3818,+33.4665,IRAS PSC new OH/IR stars. III. (Chengalur+ 1993),J/ApJS/89/189
IRAS 19594+2512,300.2930,+25.3907,IRAS PSC new OH/IR stars. III. (Chengalur+ 1993),J/ApJS/89/189
IRAS 19598+2821,300.3662,+28.5273,IRAS PSC new OH/IR stars. III. (Chengalur+ 1993),J/ApJS/89/189
IRAS 20003+2719,300.5597,+27.4782,IRAS PSC new OH/IR stars. III. (Chengalur+ 1993),J/ApJS/89/189
IRAS 20005+1635,300.6490,+16.7683,IRAS PSC new OH/IR stars. III. (Chengalur+ 1993),J/ApJS/89/189
IRAS 20005+2931,300.5836,+29.5873,IRAS PSC new OH/IR stars. III. (Chengalur+ 1993),J/ApJS/89/189
IRAS 20008+3528,300.6742,+35.5539,IRAS PSC new OH/IR stars. III. (Chengalur+ 1993),J/ApJS/89/189
IRAS 20010+3011,300.7191,+30.3398,IRAS PSC new OH/IR stars. III. (Chengalur+ 1993),J/ApJS/89/189
IRAS 20014+2830,300.8369,+28.6225,IRAS PSC new OH/IR stars. III. (Chengalur+ 1993),J/ApJS/89/189
IRAS 20019+2900,300.9476,+29.1521,IRAS PSC new OH/IR stars. III. (Chengalur+ 1993),J/ApJS/89/189
IRAS 20020+1739,301.0660,+17.8037,IRAS PSC new OH/IR stars. III. (Chengalur+ 1993),J/ApJS/89/189
IRAS 20028+2030,301.1878,+20.6526,IRAS PSC new OH/IR stars. III. (Chengalur+ 1993),J/ApJS/89/189
IRAS 20028+3602,301.2375,+36.0929,IRAS PSC new OH/IR stars. III. (Chengalur+ 1993),J/ApJS/89/189
IRAS 20029+2759,301.1361,+28.1022,IRAS PSC new OH/IR stars. III. (Chengalur+ 1993),J/ApJS/89/189
IRAS 20032+3315,301.2830,+33.3481,IRAS PSC new OH/IR stars. III. (Chengalur+ 1993),J/ApJS/89/189
IRAS 20037+2317,301.4239,+23.4529,IRAS PSC new OH/IR stars. III. (Chengalur+ 1993),J/ApJS/89/189
IRAS 20040+0810,301.5655,+08.3206,IRAS PSC new OH/IR stars. III. (Chengalur+ 1993),J/ApJS/89/189
IRAS 20044+2417,301.5778,+24.4253,IRAS PSC new OH/IR stars. III. (Chengalur+ 1993),J/ApJS/89/189
IRAS 20046+2954,301.6251,+30.0809,IRAS PSC new OH/IR stars. III. (Chengalur+ 1993),J/ApJS/89/189
IRAS 20052+2313,301.7583,+23.3770,IRAS PSC new OH/IR stars. III. (Chengalur+ 1993),J/ApJS/89/189
IRAS 20053+2958,301.7847,+30.1112,IRAS PSC new OH/IR stars. III. (Chengalur+ 1993),J/ApJS/89/189
IRAS 20054+3047,301.8322,+30.9163,IRAS PSC new OH/IR stars. III. (Chengalur+ 1993),J/ApJS/89/189
IRAS 20057+1507,302.0135,+15.2708,IRAS PSC new OH/IR stars. III. (Chengalur+ 1993),J/ApJS/89/189
IRAS 20065+3041,302.0283,+30.8082,IRAS PSC new OH/IR stars. III. (Chengalur+ 1993),J/ApJS/89/189
IRAS 20067+2419,302.1249,+24.4632,IRAS PSC new OH/IR stars. III. (Chengalur+ 1993),J/ApJS/89/189
IRAS 20067+3231,302.1586,+32.6405,IRAS PSC new OH/IR stars. III. (Chengalur+ 1993),J/ApJS/89/189
IRAS 20071+2559,302.2729,+26.1545,IRAS PSC new OH/IR stars. III. (Chengalur+ 1993),J/ApJS/89/189
IRAS 20072+2710,302.3132,+27.3186,IRAS PSC new OH/IR stars. III. (Chengalur+ 1993),J/ApJS/89/189
IRAS 20082+3228,302.4225,+32.6157,IRAS PSC new OH/IR stars. III. (Chengalur+ 1993),J/ApJS/89/189
IRAS 20086+3318,302.6432,+33.4498,IRAS PSC new OH/IR stars. III. (Chengalur+ 1993),J/ApJS/89/189
IRAS 20095+3533,302.8899,+35.5872,IRAS PSC new OH/IR stars. III. (Chengalur+ 1993),J/ApJS/89/189
IRAS 20105+3313,303.0095,+33.3691,IRAS PSC new OH/IR stars. III. (Chengalur+ 1993),J/ApJS/89/189
IRAS 20113+3452,303.3017,+35.0067,IRAS PSC new OH/IR stars. III. (Chengalur+ 1993),J/ApJS/89/189
IRAS 20113+3631,303.2599,+36.5873,IRAS PSC new OH/IR stars. III. (Chengalur+ 1993),J/ApJS/89/189
IRAS 20113+3656,303.3270,+37.0312,IRAS PSC new OH/IR stars. III. (Chengalur+ 1993),J/ApJS/89/189
IRAS 20121+1013,303.5900,+10.3083,IRAS PSC new OH/IR stars. III. (Chengalur+ 1993),J/ApJS/89/189
IRAS 20141+3113,303.9992,+31.3739,IRAS PSC new OH/IR stars. III. (Chengalur+ 1993),J/ApJS/89/189
IRAS 20151+1709,304.3032,+17.2659,IRAS PSC new OH/IR stars. III. (Chengalur+ 1993),J/ApJS/89/189
IRAS 20159+3134,304.4240,+31.7325,IRAS PSC new OH/IR stars. III. (Chengalur+ 1993),J/ApJS/89/189
IRAS 20160+0725,304.5347,+07.5957,IRAS PSC new OH/IR stars. III. (Chengalur+ 1993),J/ApJS/89/189
IRAS 20171+3519,304.6956,+35.4464,IRAS PSC new OH/IR stars. III. (Chengalur+ 1993),J/ApJS/89/189
IRAS 20178+3544,304.8717,+35.8331,IRAS PSC new OH/IR stars. III. (Chengalur+ 1993),J/ApJS/89/189
IRAS 20180+3015,304.9620,+30.4533,IRAS PSC new OH/IR stars. III. (Chengalur+ 1993),J/ApJS/89/189
IRAS 20181+2927,304.9844,+29.5944,IRAS PSC new OH/IR stars. III. (Chengalur+ 1993),J/ApJS/89/189
IRAS 20190+2423,305.1981,+24.5322,IRAS PSC new OH/IR stars. III. (Chengalur+ 1993),J/ApJS/89/189
IRAS 20194+3646,305.3394,+36.9093,IRAS PSC new OH/IR stars. III. (Chengalur+ 1993),J/ApJS/89/189
IRAS 20204+2914,305.5230,+29.3941,IRAS PSC new OH/IR stars. III. (Chengalur+ 1993),J/ApJS/89/189
IRAS 20209+2911,305.6175,+29.3373,IRAS PSC new OH/IR stars. III. (Chengalur+ 1993),J/ApJS/89/189
IRAS 20231+2350,306.2569,+23.9955,IRAS PSC new OH/IR stars. III. (Chengalur+ 1993),J/ApJS/89/189
IRAS 20233+3343,306.1791,+33.8713,IRAS PSC new OH/IR stars. III. (Chengalur+ 1993),J/ApJS/89/189
IRAS 20240+2759,306.4464,+28.1049,IRAS PSC new OH/IR stars. III. (Chengalur+ 1993),J/ApJS/89/189
IRAS 20241+3156,306.4569,+32.1187,IRAS PSC new OH/IR stars. III. (Chengalur+ 1993),J/ApJS/89/189
IRAS 20244+3509,306.4944,+35.2787,IRAS PSC new OH/IR stars. III. (Chengalur+ 1993),J/ApJS/89/189
IRAS 20268+0040,307.2948,+00.8163,IRAS PSC new OH/IR stars. III. (Chengalur+ 1993),J/ApJS/89/189
IRAS 20270+1301,307.2606,+13.2084,IRAS PSC new OH/IR stars. III. (Chengalur+ 1993),J/ApJS/89/189
IRAS 20290+2602,307.7047,+26.2219,IRAS PSC new OH/IR stars. III. (Chengalur+ 1993),J/ApJS/89/189
IRAS 20290+3254,307.7118,+33.0803,IRAS PSC new OH/IR stars. III. (Chengalur+ 1993),J/ApJS/89/189
IRAS 20297+3221,307.8178,+32.5224,IRAS PSC new OH/IR stars. III. (Chengalur+ 1993),J/ApJS/89/189
IRAS 20320+3420,308.3878,+34.5246,IRAS PSC new OH/IR stars. III. (Chengalur+ 1993),J/ApJS/89/189
IRAS 20323+3153,308.5814,+32.0497,IRAS PSC new OH/IR stars. III. (Chengalur+ 1993),J/ApJS/89/189
IRAS 20324+2806,308.5251,+28.2627,IRAS PSC new OH/IR stars. III. (Chengalur+ 1993),J/ApJS/89/189
IRAS 20342+3457,308.9685,+35.1656,IRAS PSC new OH/IR stars. III. (Chengalur+ 1993),J/ApJS/89/189
IRAS 20400+0914,310.5561,+09.3803,IRAS PSC new OH/IR stars. III. (Chengalur+ 1993),J/ApJS/89/189
IRAS 20415+3156,310.8433,+32.0983,IRAS PSC new OH/IR stars. III. (Chengalur+ 1993),J/ApJS/89/189
IRAS 20454+1908,311.9042,+19.2957,IRAS PSC new OH/IR stars. III. (Chengalur+ 1993),J/ApJS/89/189
IRAS 20472+3302,312.1975,+33.2242,IRAS PSC new OH/IR stars. III. (Chengalur+ 1993),J/ApJS/89/189
IRAS 20480+3616,312.4487,+36.5084,IRAS PSC new OH/IR stars. III. (Chengalur+ 1993),J/ApJS/89/189
IRAS 20570+2714,314.6622,+27.4328,IRAS PSC new OH/IR stars. III. (Chengalur+ 1993),J/ApJS/89/189
IRAS 21000+3506,315.3825,+35.2962,IRAS PSC new OH/IR stars. III. (Chengalur+ 1993),J/ApJS/89/189
IRAS 21019+2218,315.9746,+22.5710,IRAS PSC new OH/IR stars. III. (Chengalur+ 1993),J/ApJS/89/189
IRAS 21019+2635,315.9259,+26.7529,IRAS PSC new OH/IR stars. III. (Chengalur+ 1993),J/ApJS/89/189
IRAS 21037+3000,316.4446,+30.2164,IRAS PSC new OH/IR stars. III. (Chengalur+ 1993),J/ApJS/89/189
IRAS 21039+2824,316.5203,+28.6086,IRAS PSC new OH/IR stars. III. (Chengalur+ 1993),J/ApJS/89/189
IRAS 21054+2958,316.8553,+30.1675,IRAS PSC new OH/IR stars. III. (Chengalur+ 1993),J/ApJS/89/189
IRAS 21076+2820,317.4005,+28.5840,IRAS PSC new OH/IR stars. III. (Chengalur+ 1993),J/ApJS/89/189
IRAS 21099+3252,317.9490,+33.0182,IRAS PSC new OH/IR stars. III. (Chengalur+ 1993),J/ApJS/89/189
IRAS 21156+3041,319.3225,+30.8860,IRAS PSC new OH/IR stars. III. (Chengalur+ 1993),J/ApJS/89/189
IRAS 21180+2814,320.0318,+28.4613,IRAS PSC new OH/IR stars. III. (Chengalur+ 1993),J/ApJS/89/189
IRAS 21188+2408,320.2498,+24.3790,IRAS PSC new OH/IR stars. III. (Chengalur+ 1993),J/ApJS/89/189
IRAS 21202+2147,320.5383,+21.9779,IRAS PSC new OH/IR stars. III. (Chengalur+ 1993),J/ApJS/89/189
IRAS 21210+2316,320.7823,+23.4264,IRAS PSC new OH/IR stars. III. (Chengalur+ 1993),J/ApJS/89/189
IRAS 21270+1756,322.3118,+18.1316,IRAS PSC new OH/IR stars. III. (Chengalur+ 1993),J/ApJS/89/189
IRAS 21284+1245,322.6267,+12.9698,IRAS PSC new OH/IR stars. III. (Chengalur+ 1993),J/ApJS/89/189
IRAS 21299+2415,323.0444,+24.4705,IRAS PSC new OH/IR stars. III. (Chengalur+ 1993),J/ApJS/89/189
IRAS 21316+1243,323.4504,+12.9910,IRAS PSC new OH/IR stars. III. (Chengalur+ 1993),J/ApJS/89/189
IRAS 21367+0804,324.7701,+08.2932,IRAS PSC new OH/IR stars. III. (Chengalur+ 1993),J/ApJS/89/189
IRAS 21450+3420,326.6825,+34.5721,IRAS PSC new OH/IR stars. III. (Chengalur+ 1993),J/ApJS/89/189
IRAS 21594+0602,330.4291,+06.2658,IRAS PSC new OH/IR stars. III. (Chengalur+ 1993),J/ApJS/89/189
IRAS 22001+0209,330.6037,+02.4338,IRAS PSC new OH/IR stars. III. (Chengalur+ 1993),J/ApJS/89/189
IRAS 22015+0143,330.9749,+01.9379,IRAS PSC new OH/IR stars. III. (Chengalur+ 1993),J/ApJS/89/189
IRAS 22035+3506,331.3468,+35.4070,IRAS PSC new OH/IR stars. III. (Chengalur+ 1993),J/ApJS/89/189
IRAS 22043+2443,331.5758,+25.0257,IRAS PSC new OH/IR stars. III. (Chengalur+ 1993),J/ApJS/89/189
IRAS 22060+3652,331.9369,+37.1592,IRAS PSC new OH/IR stars. III. (Chengalur+ 1993),J/ApJS/89/189
IRAS 22148+2736,334.2688,+27.8576,IRAS PSC new OH/IR stars. III. (Chengalur+ 1993),J/ApJS/89/189
IRAS 22156+0228,334.4965,+02.6988,IRAS PSC new OH/IR stars. III. (Chengalur+ 1993),J/ApJS/89/189
IRAS 22180+2142,335.0682,+21.9608,IRAS PSC new OH/IR stars. III. (Chengalur+ 1993),J/ApJS/89/189
IRAS 22222+3605,336.0645,+36.3286,IRAS PSC new OH/IR stars. III. (Chengalur+ 1993),J/ApJS/89/189
IRAS 22260+3517,337.0136,+35.5190,IRAS PSC new OH/IR stars. III. (Chengalur+ 1993),J/ApJS/89/189
IRAS 22284+2816,337.6642,+28.5417,IRAS PSC new OH/IR stars. III. (Chengalur+ 1993),J/ApJS/89/189
IRAS 22366+2052,339.6535,+21.1545,IRAS PSC new OH/IR stars. III. (Chengalur+ 1993),J/ApJS/89/189
IRAS 22499+3357,342.9924,+34.2675,IRAS PSC new OH/IR stars. III. (Chengalur+ 1993),J/ApJS/89/189
IRAS 22550+3326,344.2471,+33.6901,IRAS PSC new OH/IR stars. III. (Chengalur+ 1993),J/ApJS/89/189
IRAS 22553+1744,344.3962,+18.0000,IRAS PSC new OH/IR stars. III. (Chengalur+ 1993),J/ApJS/89/189
IRAS 23006+1105,345.7594,+11.3460,IRAS PSC new OH/IR stars. III. (Chengalur+ 1993),J/ApJS/89/189
IRAS 23037+3603,346.4036,+36.3571,IRAS PSC new OH/IR stars. III. (Chengalur+ 1993),J/ApJS/89/189
IRAS 23140+3647,349.0423,+37.0819,IRAS PSC new OH/IR stars. III. (Chengalur+ 1993),J/ApJS/89/189
IRAS 23166+1655,349.7569,+17.2318,IRAS PSC new OH/IR stars. III. (Chengalur+ 1993),J/ApJS/89/189
IRAS 23257+1038,352.0274,+10.9391,IRAS PSC new OH/IR stars. III. (Chengalur+ 1993),J/ApJS/89/189
IRAS 23267+3558,352.2762,+36.2721,IRAS PSC new OH/IR stars. III. (Chengalur+ 1993),J/ApJS/89/189
IRAS 23415+0006,355.9764,+00.4467,IRAS PSC new OH/IR stars. III. (Chengalur+ 1993),J/ApJS/89/189
IRAS 23575+2536,359.9987,+25.9460,IRAS PSC new OH/IR stars. III. (Chengalur+ 1993),J/ApJS/89/189
