IRAS 01037+1219,016.608333,+12.598056,Optical/near-IR atlas of OH/IR stars (Jimenez-Esteban+ 2005),J/A+A/431/779
IRAS 01085+3022,017.816250,+30.635000,Optical/near-IR atlas of OH/IR stars (Jimenez-Esteban+ 2005),J/A+A/431/779
IRAS 02404+2150,040.818750,+22.059722,Optical/near-IR atlas of OH/IR stars (Jimenez-Esteban+ 2005),J/A+A/431/779
IRAS 02420+1206,041.189583,+12.317500,Optical/near-IR atlas of OH/IR stars (Jimenez-Esteban+ 2005),J/A+A/431/779
IRAS 02547+1106,044.364583,+11.301667,Optical/near-IR atlas of OH/IR stars (Jimenez-Esteban+ 2005),J/A+A/431/779
IRAS 03507+1115,058.370417,+11.406111,Optical/near-IR atlas of OH/IR stars (Jimenez-Esteban+ 2005),J/A+A/431/779
IRAS 12562+2324,194.662083,+23.139167,Optical/near-IR atlas of OH/IR stars (Jimenez-Esteban+ 2005),J/A+A/431/779
IRAS 15060+0947,227.107083,+9.605000,Optical/near-IR atlas of OH/IR stars (Jimenez-Esteban+ 2005),J/A+A/431/779
IRAS 15262+0400,232.182083,+3.828611,Optical/near-IR atlas of OH/IR stars (Jimenez-Esteban+ 2005),J/A+A/431/779
IRAS 16235+1900,246.447917,+18.892500,Optical/near-IR atlas of OH/IR stars (Jimenez-Esteban+ 2005),J/A+A/431/779
IRAS 16503+0529,253.200833,+5.407500,Optical/near-IR atlas of OH/IR stars (Jimenez-Esteban+ 2005),J/A+A/431/779
IRAS 16523+0745,253.693750,+7.674167,Optical/near-IR atlas of OH/IR stars (Jimenez-Esteban+ 2005),J/A+A/431/779
IRAS 16560+2252,254.550417,+22.797222,Optical/near-IR atlas of OH/IR stars (Jimenez-Esteban+ 2005),J/A+A/431/779
IRAS 17050+1714,256.823333,+17.172778,Optical/near-IR atlas of OH/IR stars (Jimenez-Esteban+ 2005),J/A+A/431/779
IRAS 17230+0113,261.402500,+1.184722,Optical/near-IR atlas of OH/IR stars (Jimenez-Esteban+ 2005),J/A+A/431/779
IRAS 17256+0504,262.034583,+5.038333,Optical/near-IR atlas of OH/IR stars (Jimenez-Esteban+ 2005),J/A+A/431/779
IRAS 17308+0822,263.307917,+8.344722,Optical/near-IR atlas of OH/IR stars (Jimenez-Esteban+ 2005),J/A+A/431/779
IRAS 17338+0051,264.111667,+0.826111,Optical/near-IR atlas of OH/IR stars (Jimenez-Esteban+ 2005),J/A+A/431/779
IRAS 17528+1144,268.807500,+11.729444,Optical/near-IR atlas of OH/IR stars (Jimenez-Esteban+ 2005),J/A+A/431/779
IRAS 17554+2946,269.332083,+29.774722,Optical/near-IR atlas of OH/IR stars (Jimenez-Esteban+ 2005),J/A+A/431/779
IRAS 17579+2335,270.016667,+23.593611,Optical/near-IR atlas of OH/IR stars (Jimenez-Esteban+ 2005),J/A+A/431/779
IRAS 18033+2229,271.360833,+22.501111,Optical/near-IR atlas of OH/IR stars (Jimenez-Esteban+ 2005),J/A+A/431/779
IRAS 18069+0911,272.327083,+9.204444,Optical/near-IR atlas of OH/IR stars (Jimenez-Esteban+ 2005),J/A+A/431/779
IRAS 18076+3445,272.352917,+34.772222,Optical/near-IR atlas of OH/IR stars (Jimenez-Esteban+ 2005),J/A+A/431/779
IRAS 18085+0752,272.743750,+7.885833,Optical/near-IR atlas of OH/IR stars (Jimenez-Esteban+ 2005),J/A+A/431/779
IRAS 18095+2704,272.878333,+27.087222,Optical/near-IR atlas of OH/IR stars (Jimenez-Esteban+ 2005),J/A+A/431/779
IRAS 18099+3127,272.947917,+31.472222,Optical/near-IR atlas of OH/IR stars (Jimenez-Esteban+ 2005),J/A+A/431/779
IRAS 18123+0511,273.705833,+5.215556,Optical/near-IR atlas of OH/IR stars (Jimenez-Esteban+ 2005),J/A+A/431/779
IRAS 18170+0353,274.890000,+3.913889,Optical/near-IR atlas of OH/IR stars (Jimenez-Esteban+ 2005),J/A+A/431/779
IRAS 18203+0723,275.683333,+7.415278,Optical/near-IR atlas of OH/IR stars (Jimenez-Esteban+ 2005),J/A+A/431/779
IRAS 18223+1217,276.152500,+12.321111,Optical/near-IR atlas of OH/IR stars (Jimenez-Esteban+ 2005),J/A+A/431/779
IRAS 18231+0855,276.388750,+8.946389,Optical/near-IR atlas of OH/IR stars (Jimenez-Esteban+ 2005),J/A+A/431/779
IRAS 18236+0706,276.528333,+7.142500,Optical/near-IR atlas of OH/IR stars (Jimenez-Esteban+ 2005),J/A+A/431/779
IRAS 18237+2150,276.462917,+21.870556,Optical/near-IR atlas of OH/IR stars (Jimenez-Esteban+ 2005),J/A+A/431/779
IRAS 18251+0023,276.933333,+0.420000,Optical/near-IR atlas of OH/IR stars (Jimenez-Esteban+ 2005),J/A+A/431/779
IRAS 18254+0750,276.962083,+7.872500,Optical/near-IR atlas of OH/IR stars (Jimenez-Esteban+ 2005),J/A+A/431/779
IRAS 18262+0934,277.154167,+9.613889,Optical/near-IR atlas of OH/IR stars (Jimenez-Esteban+ 2005),J/A+A/431/779
IRAS 18270+0326,277.394167,+3.470000,Optical/near-IR atlas of OH/IR stars (Jimenez-Esteban+ 2005),J/A+A/431/779
IRAS 18276+0839,277.514583,+8.690556,Optical/near-IR atlas of OH/IR stars (Jimenez-Esteban+ 2005),J/A+A/431/779
IRAS 18278+0931,277.550417,+9.562222,Optical/near-IR atlas of OH/IR stars (Jimenez-Esteban+ 2005),J/A+A/431/779
IRAS 18307+0102,278.313750,+1.077500,Optical/near-IR atlas of OH/IR stars (Jimenez-Esteban+ 2005),J/A+A/431/779
IRAS 18318+0150,278.585833,+1.886667,Optical/near-IR atlas of OH/IR stars (Jimenez-Esteban+ 2005),J/A+A/431/779
IRAS 18333+0903,278.927083,+9.094167,Optical/near-IR atlas of OH/IR stars (Jimenez-Esteban+ 2005),J/A+A/431/779
IRAS 18341+0005,279.170000,+0.134167,Optical/near-IR atlas of OH/IR stars (Jimenez-Esteban+ 2005),J/A+A/431/779
IRAS 18347+1113,279.285833,+11.271111,Optical/near-IR atlas of OH/IR stars (Jimenez-Esteban+ 2005),J/A+A/431/779
IRAS 18349+1023,279.330417,+10.428333,Optical/near-IR atlas of OH/IR stars (Jimenez-Esteban+ 2005),J/A+A/431/779
IRAS 18353+0020,279.482500,+0.392222,Optical/near-IR atlas of OH/IR stars (Jimenez-Esteban+ 2005),J/A+A/431/779
IRAS 18355+0227,279.528333,+2.499444,Optical/near-IR atlas of OH/IR stars (Jimenez-Esteban+ 2005),J/A+A/431/779
IRAS 18362+0538,279.677083,+5.691389,Optical/near-IR atlas of OH/IR stars (Jimenez-Esteban+ 2005),J/A+A/431/779
IRAS 18375+0510,279.998750,+5.220556,Optical/near-IR atlas of OH/IR stars (Jimenez-Esteban+ 2005),J/A+A/431/779
IRAS 18381+0020,280.183750,+0.395000,Optical/near-IR atlas of OH/IR stars (Jimenez-Esteban+ 2005),J/A+A/431/779
IRAS 18395+0130,280.513333,+1.553889,Optical/near-IR atlas of OH/IR stars (Jimenez-Esteban+ 2005),J/A+A/431/779
IRAS 18397+0758,280.538333,+8.021667,Optical/near-IR atlas of OH/IR stars (Jimenez-Esteban+ 2005),J/A+A/431/779
IRAS 18398+0728,280.565833,+7.524722,Optical/near-IR atlas of OH/IR stars (Jimenez-Esteban+ 2005),J/A+A/431/779
IRAS 18398+1035,280.541667,+10.648611,Optical/near-IR atlas of OH/IR stars (Jimenez-Esteban+ 2005),J/A+A/431/779
IRAS 18400+0123,280.653333,+1.434444,Optical/near-IR atlas of OH/IR stars (Jimenez-Esteban+ 2005),J/A+A/431/779
IRAS 18407+0350,280.814583,+3.885833,Optical/near-IR atlas of OH/IR stars (Jimenez-Esteban+ 2005),J/A+A/431/779
IRAS 18407+0601,280.791250,+6.079722,Optical/near-IR atlas of OH/IR stars (Jimenez-Esteban+ 2005),J/A+A/431/779
IRAS 18408+0730,280.830000,+7.553611,Optical/near-IR atlas of OH/IR stars (Jimenez-Esteban+ 2005),J/A+A/431/779
IRAS 18409+0431,280.867500,+4.571111,Optical/near-IR atlas of OH/IR stars (Jimenez-Esteban+ 2005),J/A+A/431/779
IRAS 18415+0404,281.020833,+4.121944,Optical/near-IR atlas of OH/IR stars (Jimenez-Esteban+ 2005),J/A+A/431/779
IRAS 18420+1137,281.102500,+11.670000,Optical/near-IR atlas of OH/IR stars (Jimenez-Esteban+ 2005),J/A+A/431/779
IRAS 18430+0039,281.409583,+0.712222,Optical/near-IR atlas of OH/IR stars (Jimenez-Esteban+ 2005),J/A+A/431/779
IRAS 18433+0039,281.479167,+0.706389,Optical/near-IR atlas of OH/IR stars (Jimenez-Esteban+ 2005),J/A+A/431/779
IRAS 18435+0745,281.501667,+7.807222,Optical/near-IR atlas of OH/IR stars (Jimenez-Esteban+ 2005),J/A+A/431/779
IRAS 18441+0311,281.656667,+3.248889,Optical/near-IR atlas of OH/IR stars (Jimenez-Esteban+ 2005),J/A+A/431/779
IRAS 18441+2216,281.556250,+22.335833,Optical/near-IR atlas of OH/IR stars (Jimenez-Esteban+ 2005),J/A+A/431/779
IRAS 18444+0734,281.705833,+7.637222,Optical/near-IR atlas of OH/IR stars (Jimenez-Esteban+ 2005),J/A+A/431/779
IRAS 18455+0448,282.010000,+4.858611,Optical/near-IR atlas of OH/IR stars (Jimenez-Esteban+ 2005),J/A+A/431/779
IRAS 18476+0555,282.520000,+5.992222,Optical/near-IR atlas of OH/IR stars (Jimenez-Esteban+ 2005),J/A+A/431/779
IRAS 18477+0243,282.556250,+2.786667,Optical/near-IR atlas of OH/IR stars (Jimenez-Esteban+ 2005),J/A+A/431/779
IRAS 18481+0405,282.657500,+4.152500,Optical/near-IR atlas of OH/IR stars (Jimenez-Esteban+ 2005),J/A+A/431/779
IRAS 18487+0152,282.815417,+1.938889,Optical/near-IR atlas of OH/IR stars (Jimenez-Esteban+ 2005),J/A+A/431/779
IRAS 18487+0617,282.808750,+6.359722,Optical/near-IR atlas of OH/IR stars (Jimenez-Esteban+ 2005),J/A+A/431/779
IRAS 18490+0302,282.899167,+3.098611,Optical/near-IR atlas of OH/IR stars (Jimenez-Esteban+ 2005),J/A+A/431/779
IRAS 18490+1158,282.855000,+12.035556,Optical/near-IR atlas of OH/IR stars (Jimenez-Esteban+ 2005),J/A+A/431/779
IRAS 18497+0200,283.063333,+2.062222,Optical/near-IR atlas of OH/IR stars (Jimenez-Esteban+ 2005),J/A+A/431/779
IRAS 18499+1224,283.076667,+12.477222,Optical/near-IR atlas of OH/IR stars (Jimenez-Esteban+ 2005),J/A+A/431/779
IRAS 18501+1019,283.136667,+10.392222,Optical/near-IR atlas of OH/IR stars (Jimenez-Esteban+ 2005),J/A+A/431/779
IRAS 18506+0912,283.261250,+9.277222,Optical/near-IR atlas of OH/IR stars (Jimenez-Esteban+ 2005),J/A+A/431/779
IRAS 18511+1141,283.384167,+11.750278,Optical/near-IR atlas of OH/IR stars (Jimenez-Esteban+ 2005),J/A+A/431/779
IRAS 18512+2029,283.359167,+20.557500,Optical/near-IR atlas of OH/IR stars (Jimenez-Esteban+ 2005),J/A+A/431/779
IRAS 18518+0358,283.567083,+4.042222,Optical/near-IR atlas of OH/IR stars (Jimenez-Esteban+ 2005),J/A+A/431/779
IRAS 18520+0533,283.632500,+5.619722,Optical/near-IR atlas of OH/IR stars (Jimenez-Esteban+ 2005),J/A+A/431/779
IRAS 18520+1014,283.609167,+10.300556,Optical/near-IR atlas of OH/IR stars (Jimenez-Esteban+ 2005),J/A+A/431/779
IRAS 18525+0210,283.771667,+2.245000,Optical/near-IR atlas of OH/IR stars (Jimenez-Esteban+ 2005),J/A+A/431/779
IRAS 18530+0507,283.876250,+5.194444,Optical/near-IR atlas of OH/IR stars (Jimenez-Esteban+ 2005),J/A+A/431/779
IRAS 18535+0726,283.987500,+7.508889,Optical/near-IR atlas of OH/IR stars (Jimenez-Esteban+ 2005),J/A+A/431/779
IRAS 18540+0302,284.151667,+3.113889,Optical/near-IR atlas of OH/IR stars (Jimenez-Esteban+ 2005),J/A+A/431/779
IRAS 18542+0940,284.148750,+9.733333,Optical/near-IR atlas of OH/IR stars (Jimenez-Esteban+ 2005),J/A+A/431/779
IRAS 18548+0823,284.304583,+8.462222,Optical/near-IR atlas of OH/IR stars (Jimenez-Esteban+ 2005),J/A+A/431/779
IRAS 18549+0208,284.364583,+2.204444,Optical/near-IR atlas of OH/IR stars (Jimenez-Esteban+ 2005),J/A+A/431/779
IRAS 18549+0905,284.337083,+9.161111,Optical/near-IR atlas of OH/IR stars (Jimenez-Esteban+ 2005),J/A+A/431/779
IRAS 18551+0159,284.407917,+2.062500,Optical/near-IR atlas of OH/IR stars (Jimenez-Esteban+ 2005),J/A+A/431/779
IRAS 18551+0323,284.405833,+3.456944,Optical/near-IR atlas of OH/IR stars (Jimenez-Esteban+ 2005),J/A+A/431/779
IRAS 18554+0231,284.486250,+2.588056,Optical/near-IR atlas of OH/IR stars (Jimenez-Esteban+ 2005),J/A+A/431/779
IRAS 18554+1333,284.432083,+13.621389,Optical/near-IR atlas of OH/IR stars (Jimenez-Esteban+ 2005),J/A+A/431/779
IRAS 18556+0811,284.517917,+8.258333,Optical/near-IR atlas of OH/IR stars (Jimenez-Esteban+ 2005),J/A+A/431/779
IRAS 18556+1409,284.496667,+14.222222,Optical/near-IR atlas of OH/IR stars (Jimenez-Esteban+ 2005),J/A+A/431/779
IRAS 18560+0638,284.625000,+6.716111,Optical/near-IR atlas of OH/IR stars (Jimenez-Esteban+ 2005),J/A+A/431/779
IRAS 18563+0816,284.682917,+8.336111,Optical/near-IR atlas of OH/IR stars (Jimenez-Esteban+ 2005),J/A+A/431/779
IRAS 18567+0003,284.838333,+0.124167,Optical/near-IR atlas of OH/IR stars (Jimenez-Esteban+ 2005),J/A+A/431/779
IRAS 18567+1046,284.784167,+10.849722,Optical/near-IR atlas of OH/IR stars (Jimenez-Esteban+ 2005),J/A+A/431/779
IRAS 18568+0550,284.836667,+5.911667,Optical/near-IR atlas of OH/IR stars (Jimenez-Esteban+ 2005),J/A+A/431/779
IRAS 18568+2554,284.710417,+25.980556,Optical/near-IR atlas of OH/IR stars (Jimenez-Esteban+ 2005),J/A+A/431/779
IRAS 18569+0553,284.842500,+5.953611,Optical/near-IR atlas of OH/IR stars (Jimenez-Esteban+ 2005),J/A+A/431/779
IRAS 18569+1722,284.795417,+17.450833,Optical/near-IR atlas of OH/IR stars (Jimenez-Esteban+ 2005),J/A+A/431/779
IRAS 18571+0611,284.900417,+6.260278,Optical/near-IR atlas of OH/IR stars (Jimenez-Esteban+ 2005),J/A+A/431/779
IRAS 18572+0618,284.918333,+6.384444,Optical/near-IR atlas of OH/IR stars (Jimenez-Esteban+ 2005),J/A+A/431/779
IRAS 18577+1047,285.037083,+10.870833,Optical/near-IR atlas of OH/IR stars (Jimenez-Esteban+ 2005),J/A+A/431/779
IRAS 18578+0831,285.072917,+8.591389,Optical/near-IR atlas of OH/IR stars (Jimenez-Esteban+ 2005),J/A+A/431/779
IRAS 18581+1405,285.117083,+14.165000,Optical/near-IR atlas of OH/IR stars (Jimenez-Esteban+ 2005),J/A+A/431/779
IRAS 18585+0900,285.224583,+9.083889,Optical/near-IR atlas of OH/IR stars (Jimenez-Esteban+ 2005),J/A+A/431/779
IRAS 18588+1400,285.280000,+14.086944,Optical/near-IR atlas of OH/IR stars (Jimenez-Esteban+ 2005),J/A+A/431/779
IRAS 18592+1455,285.384583,+15.006111,Optical/near-IR atlas of OH/IR stars (Jimenez-Esteban+ 2005),J/A+A/431/779
IRAS 18593+1009,285.434167,+10.233333,Optical/near-IR atlas of OH/IR stars (Jimenez-Esteban+ 2005),J/A+A/431/779
IRAS 19007+1652,285.756250,+16.941944,Optical/near-IR atlas of OH/IR stars (Jimenez-Esteban+ 2005),J/A+A/431/779
IRAS 19008+0907,285.820833,+9.202778,Optical/near-IR atlas of OH/IR stars (Jimenez-Esteban+ 2005),J/A+A/431/779
IRAS 19010+0526,285.890000,+5.525278,Optical/near-IR atlas of OH/IR stars (Jimenez-Esteban+ 2005),J/A+A/431/779
IRAS 19010+1307,285.839583,+13.200556,Optical/near-IR atlas of OH/IR stars (Jimenez-Esteban+ 2005),J/A+A/431/779
IRAS 19012+1128,285.903333,+11.550833,Optical/near-IR atlas of OH/IR stars (Jimenez-Esteban+ 2005),J/A+A/431/779
IRAS 19017+0412,286.060000,+4.283611,Optical/near-IR atlas of OH/IR stars (Jimenez-Esteban+ 2005),J/A+A/431/779
IRAS 19017+0608,286.041250,+6.220833,Optical/near-IR atlas of OH/IR stars (Jimenez-Esteban+ 2005),J/A+A/431/779
IRAS 19023+0745,286.181250,+7.838611,Optical/near-IR atlas of OH/IR stars (Jimenez-Esteban+ 2005),J/A+A/431/779
IRAS 19024+1923,286.151667,+19.474444,Optical/near-IR atlas of OH/IR stars (Jimenez-Esteban+ 2005),J/A+A/431/779
IRAS 19026+0336,286.290833,+3.683333,Optical/near-IR atlas of OH/IR stars (Jimenez-Esteban+ 2005),J/A+A/431/779
IRAS 19026+1300,286.233333,+13.085278,Optical/near-IR atlas of OH/IR stars (Jimenez-Esteban+ 2005),J/A+A/431/779
IRAS 19027+1341,286.267500,+13.761944,Optical/near-IR atlas of OH/IR stars (Jimenez-Esteban+ 2005),J/A+A/431/779
IRAS 19028+1613,286.266667,+16.303056,Optical/near-IR atlas of OH/IR stars (Jimenez-Esteban+ 2005),J/A+A/431/779
IRAS 19029+0933,286.342083,+9.639722,Optical/near-IR atlas of OH/IR stars (Jimenez-Esteban+ 2005),J/A+A/431/779
IRAS 19035+0451,286.495833,+4.929444,Optical/near-IR atlas of OH/IR stars (Jimenez-Esteban+ 2005),J/A+A/431/779
IRAS 19035+0801,286.485417,+8.099167,Optical/near-IR atlas of OH/IR stars (Jimenez-Esteban+ 2005),J/A+A/431/779
IRAS 19035+1010,286.481250,+10.244722,Optical/near-IR atlas of OH/IR stars (Jimenez-Esteban+ 2005),J/A+A/431/779
IRAS 19041+0952,286.630000,+9.954722,Optical/near-IR atlas of OH/IR stars (Jimenez-Esteban+ 2005),J/A+A/431/779
IRAS 19041+1734,286.600833,+17.658889,Optical/near-IR atlas of OH/IR stars (Jimenez-Esteban+ 2005),J/A+A/431/779
IRAS 19043+1009,286.679167,+10.242222,Optical/near-IR atlas of OH/IR stars (Jimenez-Esteban+ 2005),J/A+A/431/779
IRAS 19047+0924,286.781250,+9.491389,Optical/near-IR atlas of OH/IR stars (Jimenez-Esteban+ 2005),J/A+A/431/779
IRAS 19052+0922,286.913333,+9.454167,Optical/near-IR atlas of OH/IR stars (Jimenez-Esteban+ 2005),J/A+A/431/779
IRAS 19052+1431,286.891667,+14.613056,Optical/near-IR atlas of OH/IR stars (Jimenez-Esteban+ 2005),J/A+A/431/779
IRAS 19054+0419,286.982917,+4.397500,Optical/near-IR atlas of OH/IR stars (Jimenez-Esteban+ 2005),J/A+A/431/779
IRAS 19055+0225,287.013333,+2.508333,Optical/near-IR atlas of OH/IR stars (Jimenez-Esteban+ 2005),J/A+A/431/779
IRAS 19057+0141,287.076667,+1.774444,Optical/near-IR atlas of OH/IR stars (Jimenez-Esteban+ 2005),J/A+A/431/779
IRAS 19060+1612,287.066250,+16.289167,Optical/near-IR atlas of OH/IR stars (Jimenez-Esteban+ 2005),J/A+A/431/779
IRAS 19061+1041,287.130417,+10.779722,Optical/near-IR atlas of OH/IR stars (Jimenez-Esteban+ 2005),J/A+A/431/779
IRAS 19065+0832,287.245000,+8.629167,Optical/near-IR atlas of OH/IR stars (Jimenez-Esteban+ 2005),J/A+A/431/779
IRAS 19067+0811,287.284583,+8.275556,Optical/near-IR atlas of OH/IR stars (Jimenez-Esteban+ 2005),J/A+A/431/779
IRAS 19068+0016,287.343750,+0.354722,Optical/near-IR atlas of OH/IR stars (Jimenez-Esteban+ 2005),J/A+A/431/779
IRAS 19068+1127,287.298750,+11.545278,Optical/near-IR atlas of OH/IR stars (Jimenez-Esteban+ 2005),J/A+A/431/779
IRAS 19069+0916,287.330833,+9.353611,Optical/near-IR atlas of OH/IR stars (Jimenez-Esteban+ 2005),J/A+A/431/779
IRAS 19071+0946,287.383333,+9.863611,Optical/near-IR atlas of OH/IR stars (Jimenez-Esteban+ 2005),J/A+A/431/779
IRAS 19074+0336,287.478750,+3.691111,Optical/near-IR atlas of OH/IR stars (Jimenez-Esteban+ 2005),J/A+A/431/779
IRAS 19075+1147,287.475417,+11.880000,Optical/near-IR atlas of OH/IR stars (Jimenez-Esteban+ 2005),J/A+A/431/779
IRAS 19076+1247,287.486667,+12.883056,Optical/near-IR atlas of OH/IR stars (Jimenez-Esteban+ 2005),J/A+A/431/779
IRAS 19079+1143,287.581250,+11.817778,Optical/near-IR atlas of OH/IR stars (Jimenez-Esteban+ 2005),J/A+A/431/779
IRAS 19081+0322,287.653333,+3.450278,Optical/near-IR atlas of OH/IR stars (Jimenez-Esteban+ 2005),J/A+A/431/779
IRAS 19083+0851,287.697500,+8.939444,Optical/near-IR atlas of OH/IR stars (Jimenez-Esteban+ 2005),J/A+A/431/779
IRAS 19085+0755,287.748750,+8.006389,Optical/near-IR atlas of OH/IR stars (Jimenez-Esteban+ 2005),J/A+A/431/779
IRAS 19087+0323,287.820833,+3.473889,Optical/near-IR atlas of OH/IR stars (Jimenez-Esteban+ 2005),J/A+A/431/779
IRAS 19088+1129,287.797500,+11.577222,Optical/near-IR atlas of OH/IR stars (Jimenez-Esteban+ 2005),J/A+A/431/779
IRAS 19097+0411,288.055000,+4.281667,Optical/near-IR atlas of OH/IR stars (Jimenez-Esteban+ 2005),J/A+A/431/779
IRAS 19112+0819,288.405417,+8.414722,Optical/near-IR atlas of OH/IR stars (Jimenez-Esteban+ 2005),J/A+A/431/779
IRAS 19115+0752,288.498750,+7.955833,Optical/near-IR atlas of OH/IR stars (Jimenez-Esteban+ 2005),J/A+A/431/779
IRAS 19116+1511,288.493750,+15.282500,Optical/near-IR atlas of OH/IR stars (Jimenez-Esteban+ 2005),J/A+A/431/779
IRAS 19117+1558,288.505000,+16.060000,Optical/near-IR atlas of OH/IR stars (Jimenez-Esteban+ 2005),J/A+A/431/779
IRAS 19128+0910,288.817500,+9.262778,Optical/near-IR atlas of OH/IR stars (Jimenez-Esteban+ 2005),J/A+A/431/779
IRAS 19128+1310,288.783333,+13.266667,Optical/near-IR atlas of OH/IR stars (Jimenez-Esteban+ 2005),J/A+A/431/779
IRAS 19129+2803,288.746250,+28.154167,Optical/near-IR atlas of OH/IR stars (Jimenez-Esteban+ 2005),J/A+A/431/779
IRAS 19131+1157,288.871667,+12.044167,Optical/near-IR atlas of OH/IR stars (Jimenez-Esteban+ 2005),J/A+A/431/779
IRAS 19140+0652,289.122917,+6.958333,Optical/near-IR atlas of OH/IR stars (Jimenez-Esteban+ 2005),J/A+A/431/779
IRAS 19147+1349,289.252500,+13.922778,Optical/near-IR atlas of OH/IR stars (Jimenez-Esteban+ 2005),J/A+A/431/779
IRAS 19149+1638,289.298333,+16.731944,Optical/near-IR atlas of OH/IR stars (Jimenez-Esteban+ 2005),J/A+A/431/779
IRAS 19160+0755,289.611667,+8.010556,Optical/near-IR atlas of OH/IR stars (Jimenez-Esteban+ 2005),J/A+A/431/779
IRAS 19161+2343,289.561250,+23.824444,Optical/near-IR atlas of OH/IR stars (Jimenez-Esteban+ 2005),J/A+A/431/779
IRAS 19162+0607,289.674167,+6.220556,Optical/near-IR atlas of OH/IR stars (Jimenez-Esteban+ 2005),J/A+A/431/779
IRAS 19167+1733,289.750000,+17.647778,Optical/near-IR atlas of OH/IR stars (Jimenez-Esteban+ 2005),J/A+A/431/779
IRAS 19168+0814,289.812083,+8.332500,Optical/near-IR atlas of OH/IR stars (Jimenez-Esteban+ 2005),J/A+A/431/779
IRAS 19172+1956,289.869583,+20.027500,Optical/near-IR atlas of OH/IR stars (Jimenez-Esteban+ 2005),J/A+A/431/779
IRAS 19175+0958,289.978750,+10.070833,Optical/near-IR atlas of OH/IR stars (Jimenez-Esteban+ 2005),J/A+A/431/779
IRAS 19175+1042,289.988333,+10.802500,Optical/near-IR atlas of OH/IR stars (Jimenez-Esteban+ 2005),J/A+A/431/779
IRAS 19176+1939,289.950417,+19.759444,Optical/near-IR atlas of OH/IR stars (Jimenez-Esteban+ 2005),J/A+A/431/779
IRAS 19177+1333,290.020000,+13.656667,Optical/near-IR atlas of OH/IR stars (Jimenez-Esteban+ 2005),J/A+A/431/779
IRAS 19178+1206,290.058333,+12.205556,Optical/near-IR atlas of OH/IR stars (Jimenez-Esteban+ 2005),J/A+A/431/779
IRAS 19183+1148,290.177083,+11.901389,Optical/near-IR atlas of OH/IR stars (Jimenez-Esteban+ 2005),J/A+A/431/779
IRAS 19184+1055,290.191250,+11.016389,Optical/near-IR atlas of OH/IR stars (Jimenez-Esteban+ 2005),J/A+A/431/779
IRAS 19186+0315,290.298750,+3.349444,Optical/near-IR atlas of OH/IR stars (Jimenez-Esteban+ 2005),J/A+A/431/779
IRAS 19186+1657,290.215833,+17.058333,Optical/near-IR atlas of OH/IR stars (Jimenez-Esteban+ 2005),J/A+A/431/779
IRAS 19187+2221,290.209167,+22.456667,Optical/near-IR atlas of OH/IR stars (Jimenez-Esteban+ 2005),J/A+A/431/779
IRAS 19188+1057,290.299167,+11.046944,Optical/near-IR atlas of OH/IR stars (Jimenez-Esteban+ 2005),J/A+A/431/779
IRAS 19189+1758,290.284583,+18.065278,Optical/near-IR atlas of OH/IR stars (Jimenez-Esteban+ 2005),J/A+A/431/779
IRAS 19190+1128,290.361250,+11.566389,Optical/near-IR atlas of OH/IR stars (Jimenez-Esteban+ 2005),J/A+A/431/779
IRAS 19190+3035,290.246667,+30.691667,Optical/near-IR atlas of OH/IR stars (Jimenez-Esteban+ 2005),J/A+A/431/779
IRAS 19192+0922,290.402917,+9.465833,Optical/near-IR atlas of OH/IR stars (Jimenez-Esteban+ 2005),J/A+A/431/779
IRAS 19195+0522,290.513750,+5.474167,Optical/near-IR atlas of OH/IR stars (Jimenez-Esteban+ 2005),J/A+A/431/779
IRAS 19195+1747,290.433750,+17.886111,Optical/near-IR atlas of OH/IR stars (Jimenez-Esteban+ 2005),J/A+A/431/779
IRAS 19200+1035,290.603333,+10.680833,Optical/near-IR atlas of OH/IR stars (Jimenez-Esteban+ 2005),J/A+A/431/779
IRAS 19200+1536,290.574583,+15.697222,Optical/near-IR atlas of OH/IR stars (Jimenez-Esteban+ 2005),J/A+A/431/779
IRAS 19201+1040,290.621667,+10.771944,Optical/near-IR atlas of OH/IR stars (Jimenez-Esteban+ 2005),J/A+A/431/779
IRAS 19201+2101,290.572500,+21.123056,Optical/near-IR atlas of OH/IR stars (Jimenez-Esteban+ 2005),J/A+A/431/779
IRAS 19206+2121,290.702083,+21.448889,Optical/near-IR atlas of OH/IR stars (Jimenez-Esteban+ 2005),J/A+A/431/779
IRAS 19206+2216,290.687083,+22.368056,Optical/near-IR atlas of OH/IR stars (Jimenez-Esteban+ 2005),J/A+A/431/779
IRAS 19206+2517,290.682500,+25.382222,Optical/near-IR atlas of OH/IR stars (Jimenez-Esteban+ 2005),J/A+A/431/779
IRAS 19214+0513,290.989583,+5.317222,Optical/near-IR atlas of OH/IR stars (Jimenez-Esteban+ 2005),J/A+A/431/779
IRAS 19218+0425,291.089167,+4.517222,Optical/near-IR atlas of OH/IR stars (Jimenez-Esteban+ 2005),J/A+A/431/779
IRAS 19229+1708,291.302083,+17.247222,Optical/near-IR atlas of OH/IR stars (Jimenez-Esteban+ 2005),J/A+A/431/779
IRAS 19231+3555,291.246250,+36.028333,Optical/near-IR atlas of OH/IR stars (Jimenez-Esteban+ 2005),J/A+A/431/779
IRAS 19237+1430,291.509167,+14.610833,Optical/near-IR atlas of OH/IR stars (Jimenez-Esteban+ 2005),J/A+A/431/779
IRAS 19241+3457,291.508750,+35.051111,Optical/near-IR atlas of OH/IR stars (Jimenez-Esteban+ 2005),J/A+A/431/779
IRAS 19248+1122,291.810417,+11.484722,Optical/near-IR atlas of OH/IR stars (Jimenez-Esteban+ 2005),J/A+A/431/779
IRAS 19248+1441,291.780417,+14.789167,Optical/near-IR atlas of OH/IR stars (Jimenez-Esteban+ 2005),J/A+A/431/779
IRAS 19252+2420,291.825000,+24.449722,Optical/near-IR atlas of OH/IR stars (Jimenez-Esteban+ 2005),J/A+A/431/779
IRAS 19253+1114,291.917083,+11.338889,Optical/near-IR atlas of OH/IR stars (Jimenez-Esteban+ 2005),J/A+A/431/779
IRAS 19254+1631,291.925417,+16.623333,Optical/near-IR atlas of OH/IR stars (Jimenez-Esteban+ 2005),J/A+A/431/779
IRAS 19256+0254,292.034583,+3.007222,Optical/near-IR atlas of OH/IR stars (Jimenez-Esteban+ 2005),J/A+A/431/779
IRAS 19258+1111,292.058333,+11.291944,Optical/near-IR atlas of OH/IR stars (Jimenez-Esteban+ 2005),J/A+A/431/779
IRAS 19259+0510,292.092917,+5.274722,Optical/near-IR atlas of OH/IR stars (Jimenez-Esteban+ 2005),J/A+A/431/779
IRAS 19261+1003,292.141250,+10.169722,Optical/near-IR atlas of OH/IR stars (Jimenez-Esteban+ 2005),J/A+A/431/779
IRAS 19261+1435,292.118750,+14.697778,Optical/near-IR atlas of OH/IR stars (Jimenez-Esteban+ 2005),J/A+A/431/779
IRAS 19261+1849,292.099167,+18.921667,Optical/near-IR atlas of OH/IR stars (Jimenez-Esteban+ 2005),J/A+A/431/779
IRAS 19265+3116,292.130000,+31.373333,Optical/near-IR atlas of OH/IR stars (Jimenez-Esteban+ 2005),J/A+A/431/779
IRAS 19268+0254,292.340000,+3.017778,Optical/near-IR atlas of OH/IR stars (Jimenez-Esteban+ 2005),J/A+A/431/779
IRAS 19268+1539,292.298750,+15.764722,Optical/near-IR atlas of OH/IR stars (Jimenez-Esteban+ 2005),J/A+A/431/779
IRAS 19269+0813,292.339583,+8.323056,Optical/near-IR atlas of OH/IR stars (Jimenez-Esteban+ 2005),J/A+A/431/779
IRAS 19271+1354,292.375833,+14.013611,Optical/near-IR atlas of OH/IR stars (Jimenez-Esteban+ 2005),J/A+A/431/779
IRAS 19274+0919,292.464583,+9.423889,Optical/near-IR atlas of OH/IR stars (Jimenez-Esteban+ 2005),J/A+A/431/779
IRAS 19276+0739,292.520000,+7.767500,Optical/near-IR atlas of OH/IR stars (Jimenez-Esteban+ 2005),J/A+A/431/779
IRAS 19276+1500,292.474583,+15.113333,Optical/near-IR atlas of OH/IR stars (Jimenez-Esteban+ 2005),J/A+A/431/779
IRAS 19277+0947,292.535000,+9.898889,Optical/near-IR atlas of OH/IR stars (Jimenez-Esteban+ 2005),J/A+A/431/779
IRAS 19283+1944,292.622500,+19.844722,Optical/near-IR atlas of OH/IR stars (Jimenez-Esteban+ 2005),J/A+A/431/779
IRAS 19288+2923,292.709583,+29.499167,Optical/near-IR atlas of OH/IR stars (Jimenez-Esteban+ 2005),J/A+A/431/779
IRAS 19290+1600,292.836250,+16.121944,Optical/near-IR atlas of OH/IR stars (Jimenez-Esteban+ 2005),J/A+A/431/779
IRAS 19291+0502,292.900417,+5.143056,Optical/near-IR atlas of OH/IR stars (Jimenez-Esteban+ 2005),J/A+A/431/779
IRAS 19295+2228,292.912500,+22.587778,Optical/near-IR atlas of OH/IR stars (Jimenez-Esteban+ 2005),J/A+A/431/779
IRAS 19302+0110,293.205833,+1.276389,Optical/near-IR atlas of OH/IR stars (Jimenez-Esteban+ 2005),J/A+A/431/779
IRAS 19303+1553,293.149583,+15.994722,Optical/near-IR atlas of OH/IR stars (Jimenez-Esteban+ 2005),J/A+A/431/779
IRAS 19305+2410,293.166250,+24.281667,Optical/near-IR atlas of OH/IR stars (Jimenez-Esteban+ 2005),J/A+A/431/779
IRAS 19310+2044,293.298750,+20.858333,Optical/near-IR atlas of OH/IR stars (Jimenez-Esteban+ 2005),J/A+A/431/779
IRAS 19312+1130,293.393750,+11.617500,Optical/near-IR atlas of OH/IR stars (Jimenez-Esteban+ 2005),J/A+A/431/779
IRAS 19314+2059,293.394583,+21.103611,Optical/near-IR atlas of OH/IR stars (Jimenez-Esteban+ 2005),J/A+A/431/779
IRAS 19316+0919,293.511667,+9.435000,Optical/near-IR atlas of OH/IR stars (Jimenez-Esteban+ 2005),J/A+A/431/779
IRAS 19319+2214,293.515833,+22.354444,Optical/near-IR atlas of OH/IR stars (Jimenez-Esteban+ 2005),J/A+A/431/779
IRAS 19323+1952,293.653750,+19.995556,Optical/near-IR atlas of OH/IR stars (Jimenez-Esteban+ 2005),J/A+A/431/779
IRAS 19327+0903,293.795833,+9.166944,Optical/near-IR atlas of OH/IR stars (Jimenez-Esteban+ 2005),J/A+A/431/779
IRAS 19330+1245,293.833750,+12.870278,Optical/near-IR atlas of OH/IR stars (Jimenez-Esteban+ 2005),J/A+A/431/779
IRAS 19333+1918,293.878333,+19.418889,Optical/near-IR atlas of OH/IR stars (Jimenez-Esteban+ 2005),J/A+A/431/779
IRAS 19343+0912,294.187500,+9.314722,Optical/near-IR atlas of OH/IR stars (Jimenez-Esteban+ 2005),J/A+A/431/779
IRAS 19343+2926,294.078750,+29.547222,Optical/near-IR atlas of OH/IR stars (Jimenez-Esteban+ 2005),J/A+A/431/779
IRAS 19344+0016,294.248333,+0.386111,Optical/near-IR atlas of OH/IR stars (Jimenez-Esteban+ 2005),J/A+A/431/779
IRAS 19344+2457,294.133750,+25.070278,Optical/near-IR atlas of OH/IR stars (Jimenez-Esteban+ 2005),J/A+A/431/779
IRAS 19346+0913,294.247083,+9.339444,Optical/near-IR atlas of OH/IR stars (Jimenez-Esteban+ 2005),J/A+A/431/779
IRAS 19347+2755,294.185833,+28.033056,Optical/near-IR atlas of OH/IR stars (Jimenez-Esteban+ 2005),J/A+A/431/779
IRAS 19352+1914,294.358750,+19.348333,Optical/near-IR atlas of OH/IR stars (Jimenez-Esteban+ 2005),J/A+A/431/779
IRAS 19352+2030,294.350000,+20.616111,Optical/near-IR atlas of OH/IR stars (Jimenez-Esteban+ 2005),J/A+A/431/779
IRAS 19359+1936,294.552500,+19.718889,Optical/near-IR atlas of OH/IR stars (Jimenez-Esteban+ 2005),J/A+A/431/779
IRAS 19360+3442,294.491250,+34.825833,Optical/near-IR atlas of OH/IR stars (Jimenez-Esteban+ 2005),J/A+A/431/779
IRAS 19366+1149,294.757500,+11.946111,Optical/near-IR atlas of OH/IR stars (Jimenez-Esteban+ 2005),J/A+A/431/779
IRAS 19368+1935,294.767917,+19.718056,Optical/near-IR atlas of OH/IR stars (Jimenez-Esteban+ 2005),J/A+A/431/779
IRAS 19371+2855,294.782500,+29.044167,Optical/near-IR atlas of OH/IR stars (Jimenez-Esteban+ 2005),J/A+A/431/779
IRAS 19378+1256,295.055833,+13.053056,Optical/near-IR atlas of OH/IR stars (Jimenez-Esteban+ 2005),J/A+A/431/779
IRAS 19382+3400,295.033333,+34.121667,Optical/near-IR atlas of OH/IR stars (Jimenez-Esteban+ 2005),J/A+A/431/779
IRAS 19386+1513,295.230000,+15.337778,Optical/near-IR atlas of OH/IR stars (Jimenez-Esteban+ 2005),J/A+A/431/779
IRAS 19387+1527,295.263750,+15.571944,Optical/near-IR atlas of OH/IR stars (Jimenez-Esteban+ 2005),J/A+A/431/779
IRAS 19395+1827,295.435833,+18.574167,Optical/near-IR atlas of OH/IR stars (Jimenez-Esteban+ 2005),J/A+A/431/779
IRAS 19395+1949,295.431667,+19.942500,Optical/near-IR atlas of OH/IR stars (Jimenez-Esteban+ 2005),J/A+A/431/779
IRAS 19396+2338,295.446667,+23.765000,Optical/near-IR atlas of OH/IR stars (Jimenez-Esteban+ 2005),J/A+A/431/779
IRAS 19412+0337,295.938750,+3.741667,Optical/near-IR atlas of OH/IR stars (Jimenez-Esteban+ 2005),J/A+A/431/779
IRAS 19412+1042,295.902917,+10.821667,Optical/near-IR atlas of OH/IR stars (Jimenez-Esteban+ 2005),J/A+A/431/779
IRAS 19413+2829,295.852917,+28.609444,Optical/near-IR atlas of OH/IR stars (Jimenez-Esteban+ 2005),J/A+A/431/779
IRAS 19414+2237,295.891667,+22.749722,Optical/near-IR atlas of OH/IR stars (Jimenez-Esteban+ 2005),J/A+A/431/779
IRAS 19422+3506,296.029583,+35.235278,Optical/near-IR atlas of OH/IR stars (Jimenez-Esteban+ 2005),J/A+A/431/779
IRAS 19425+3323,296.125000,+33.510556,Optical/near-IR atlas of OH/IR stars (Jimenez-Esteban+ 2005),J/A+A/431/779
IRAS 19448+2653,296.726667,+27.009167,Optical/near-IR atlas of OH/IR stars (Jimenez-Esteban+ 2005),J/A+A/431/779
IRAS 19451+1628,296.860833,+16.593333,Optical/near-IR atlas of OH/IR stars (Jimenez-Esteban+ 2005),J/A+A/431/779
IRAS 19453+1917,296.900833,+19.415000,Optical/near-IR atlas of OH/IR stars (Jimenez-Esteban+ 2005),J/A+A/431/779
IRAS 19454+2536,296.877917,+25.725556,Optical/near-IR atlas of OH/IR stars (Jimenez-Esteban+ 2005),J/A+A/431/779
IRAS 19456+1927,296.957083,+19.590000,Optical/near-IR atlas of OH/IR stars (Jimenez-Esteban+ 2005),J/A+A/431/779
IRAS 19459+1716,297.043750,+17.401667,Optical/near-IR atlas of OH/IR stars (Jimenez-Esteban+ 2005),J/A+A/431/779
IRAS 19462+2232,297.110000,+22.665278,Optical/near-IR atlas of OH/IR stars (Jimenez-Esteban+ 2005),J/A+A/431/779
IRAS 19464+3514,297.066667,+35.368333,Optical/near-IR atlas of OH/IR stars (Jimenez-Esteban+ 2005),J/A+A/431/779
IRAS 19467+2213,297.219167,+22.355000,Optical/near-IR atlas of OH/IR stars (Jimenez-Esteban+ 2005),J/A+A/431/779
IRAS 19471+2944,297.293750,+29.875833,Optical/near-IR atlas of OH/IR stars (Jimenez-Esteban+ 2005),J/A+A/431/779
IRAS 19479+2111,297.530833,+21.317778,Optical/near-IR atlas of OH/IR stars (Jimenez-Esteban+ 2005),J/A+A/431/779
IRAS 19488+1346,297.789583,+13.910278,Optical/near-IR atlas of OH/IR stars (Jimenez-Esteban+ 2005),J/A+A/431/779
IRAS 19488+1719,297.780000,+17.448056,Optical/near-IR atlas of OH/IR stars (Jimenez-Esteban+ 2005),J/A+A/431/779
IRAS 19490+1049,297.853750,+10.956111,Optical/near-IR atlas of OH/IR stars (Jimenez-Esteban+ 2005),J/A+A/431/779
IRAS 19493+2905,297.838333,+29.216944,Optical/near-IR atlas of OH/IR stars (Jimenez-Esteban+ 2005),J/A+A/431/779
IRAS 19495+0835,297.990417,+8.715278,Optical/near-IR atlas of OH/IR stars (Jimenez-Esteban+ 2005),J/A+A/431/779
IRAS 19499+2141,298.031667,+21.824444,Optical/near-IR atlas of OH/IR stars (Jimenez-Esteban+ 2005),J/A+A/431/779
IRAS 19500+2239,298.050000,+22.792778,Optical/near-IR atlas of OH/IR stars (Jimenez-Esteban+ 2005),J/A+A/431/779
IRAS 19508+2014,298.262500,+20.371389,Optical/near-IR atlas of OH/IR stars (Jimenez-Esteban+ 2005),J/A+A/431/779
IRAS 19508+2659,298.241250,+27.129167,Optical/near-IR atlas of OH/IR stars (Jimenez-Esteban+ 2005),J/A+A/431/779
IRAS 19516+2217,298.456667,+22.427222,Optical/near-IR atlas of OH/IR stars (Jimenez-Esteban+ 2005),J/A+A/431/779
IRAS 19520+2729,298.536250,+27.617222,Optical/near-IR atlas of OH/IR stars (Jimenez-Esteban+ 2005),J/A+A/431/779
IRAS 19522+1935,298.620833,+19.728889,Optical/near-IR atlas of OH/IR stars (Jimenez-Esteban+ 2005),J/A+A/431/779
IRAS 19522+2653,298.571250,+27.028333,Optical/near-IR atlas of OH/IR stars (Jimenez-Esteban+ 2005),J/A+A/431/779
IRAS 19527+2231,298.718750,+22.658056,Optical/near-IR atlas of OH/IR stars (Jimenez-Esteban+ 2005),J/A+A/431/779
IRAS 19529+3634,298.685000,+36.703889,Optical/near-IR atlas of OH/IR stars (Jimenez-Esteban+ 2005),J/A+A/431/779
IRAS 19534+2802,298.875417,+28.180000,Optical/near-IR atlas of OH/IR stars (Jimenez-Esteban+ 2005),J/A+A/431/779
IRAS 19535+2157,298.921667,+22.091389,Optical/near-IR atlas of OH/IR stars (Jimenez-Esteban+ 2005),J/A+A/431/779
IRAS 19547+1848,299.234583,+18.934722,Optical/near-IR atlas of OH/IR stars (Jimenez-Esteban+ 2005),J/A+A/431/779
IRAS 19565+3140,299.626250,+31.804444,Optical/near-IR atlas of OH/IR stars (Jimenez-Esteban+ 2005),J/A+A/431/779
IRAS 19566+3423,299.635000,+34.526111,Optical/near-IR atlas of OH/IR stars (Jimenez-Esteban+ 2005),J/A+A/431/779
IRAS 19573+2204,299.872083,+22.218056,Optical/near-IR atlas of OH/IR stars (Jimenez-Esteban+ 2005),J/A+A/431/779
IRAS 19575+1143,299.985000,+11.862500,Optical/near-IR atlas of OH/IR stars (Jimenez-Esteban+ 2005),J/A+A/431/779
IRAS 19576+2814,299.913750,+28.385000,Optical/near-IR atlas of OH/IR stars (Jimenez-Esteban+ 2005),J/A+A/431/779
IRAS 19579+2926,299.982500,+29.575556,Optical/near-IR atlas of OH/IR stars (Jimenez-Esteban+ 2005),J/A+A/431/779
IRAS 19579+3223,299.963750,+32.535833,Optical/near-IR atlas of OH/IR stars (Jimenez-Esteban+ 2005),J/A+A/431/779
IRAS 19588+2541,300.226667,+25.831667,Optical/near-IR atlas of OH/IR stars (Jimenez-Esteban+ 2005),J/A+A/431/779
IRAS 20011+1752,300.854167,+18.007778,Optical/near-IR atlas of OH/IR stars (Jimenez-Esteban+ 2005),J/A+A/431/779
IRAS 20015+3019,300.910417,+30.469167,Optical/near-IR atlas of OH/IR stars (Jimenez-Esteban+ 2005),J/A+A/431/779
IRAS 20023+2855,301.086250,+29.068889,Optical/near-IR atlas of OH/IR stars (Jimenez-Esteban+ 2005),J/A+A/431/779
IRAS 20024+1727,301.168333,+17.599167,Optical/near-IR atlas of OH/IR stars (Jimenez-Esteban+ 2005),J/A+A/431/779
IRAS 20043+2653,301.595417,+27.035833,Optical/near-IR atlas of OH/IR stars (Jimenez-Esteban+ 2005),J/A+A/431/779
IRAS 20047+1248,301.772500,+12.951667,Optical/near-IR atlas of OH/IR stars (Jimenez-Esteban+ 2005),J/A+A/431/779
IRAS 20052+0554,301.929583,+6.053056,Optical/near-IR atlas of OH/IR stars (Jimenez-Esteban+ 2005),J/A+A/431/779
IRAS 20095+2726,302.900833,+27.599444,Optical/near-IR atlas of OH/IR stars (Jimenez-Esteban+ 2005),J/A+A/431/779
IRAS 20097+1107,303.038333,+11.280833,Optical/near-IR atlas of OH/IR stars (Jimenez-Esteban+ 2005),J/A+A/431/779
IRAS 20110+3555,303.245833,+36.084167,Optical/near-IR atlas of OH/IR stars (Jimenez-Esteban+ 2005),J/A+A/431/779
IRAS 20115+0844,303.493750,+8.889722,Optical/near-IR atlas of OH/IR stars (Jimenez-Esteban+ 2005),J/A+A/431/779
IRAS 20123+0429,303.709583,+4.648611,Optical/near-IR atlas of OH/IR stars (Jimenez-Esteban+ 2005),J/A+A/431/779
IRAS 20127+2430,303.737500,+24.656389,Optical/near-IR atlas of OH/IR stars (Jimenez-Esteban+ 2005),J/A+A/431/779
IRAS 20137+2838,303.948750,+28.798611,Optical/near-IR atlas of OH/IR stars (Jimenez-Esteban+ 2005),J/A+A/431/779
IRAS 20140+3620,303.975417,+36.501389,Optical/near-IR atlas of OH/IR stars (Jimenez-Esteban+ 2005),J/A+A/431/779
IRAS 20149+3440,304.210833,+34.824167,Optical/near-IR atlas of OH/IR stars (Jimenez-Esteban+ 2005),J/A+A/431/779
IRAS 20153+2057,304.403333,+21.119444,Optical/near-IR atlas of OH/IR stars (Jimenez-Esteban+ 2005),J/A+A/431/779
IRAS 20156+2130,304.453750,+21.667778,Optical/near-IR atlas of OH/IR stars (Jimenez-Esteban+ 2005),J/A+A/431/779
IRAS 20160+2734,304.524583,+27.734444,Optical/near-IR atlas of OH/IR stars (Jimenez-Esteban+ 2005),J/A+A/431/779
IRAS 20171+2732,304.796250,+27.703333,Optical/near-IR atlas of OH/IR stars (Jimenez-Esteban+ 2005),J/A+A/431/779
IRAS 20181+2234,305.091250,+22.729722,Optical/near-IR atlas of OH/IR stars (Jimenez-Esteban+ 2005),J/A+A/431/779
IRAS 20194+1707,305.427917,+17.288333,Optical/near-IR atlas of OH/IR stars (Jimenez-Esteban+ 2005),J/A+A/431/779
IRAS 20211+3100,305.785833,+31.168889,Optical/near-IR atlas of OH/IR stars (Jimenez-Esteban+ 2005),J/A+A/431/779
IRAS 20215+3205,305.900833,+32.253056,Optical/near-IR atlas of OH/IR stars (Jimenez-Esteban+ 2005),J/A+A/431/779
IRAS 20246+1456,306.736250,+15.100556,Optical/near-IR atlas of OH/IR stars (Jimenez-Esteban+ 2005),J/A+A/431/779
IRAS 20246+2813,306.694167,+28.399722,Optical/near-IR atlas of OH/IR stars (Jimenez-Esteban+ 2005),J/A+A/431/779
IRAS 20267+2105,307.238750,+21.260833,Optical/near-IR atlas of OH/IR stars (Jimenez-Esteban+ 2005),J/A+A/431/779
IRAS 20272+3535,307.285000,+35.762222,Optical/near-IR atlas of OH/IR stars (Jimenez-Esteban+ 2005),J/A+A/431/779
IRAS 20280+2631,307.535833,+26.693611,Optical/near-IR atlas of OH/IR stars (Jimenez-Esteban+ 2005),J/A+A/431/779
IRAS 20296+3355,307.917500,+34.093611,Optical/near-IR atlas of OH/IR stars (Jimenez-Esteban+ 2005),J/A+A/431/779
IRAS 20351+3450,309.283333,+35.019722,Optical/near-IR atlas of OH/IR stars (Jimenez-Esteban+ 2005),J/A+A/431/779
IRAS 20363+3401,309.582917,+34.205833,Optical/near-IR atlas of OH/IR stars (Jimenez-Esteban+ 2005),J/A+A/431/779
IRAS 20403+3143,310.585833,+31.908056,Optical/near-IR atlas of OH/IR stars (Jimenez-Esteban+ 2005),J/A+A/431/779
IRAS 20403+3700,310.577083,+37.194722,Optical/near-IR atlas of OH/IR stars (Jimenez-Esteban+ 2005),J/A+A/431/779
IRAS 20410+2949,310.778333,+30.010556,Optical/near-IR atlas of OH/IR stars (Jimenez-Esteban+ 2005),J/A+A/431/779
IRAS 20423+2742,311.122917,+27.884444,Optical/near-IR atlas of OH/IR stars (Jimenez-Esteban+ 2005),J/A+A/431/779
IRAS 20432+3151,311.336250,+32.044722,Optical/near-IR atlas of OH/IR stars (Jimenez-Esteban+ 2005),J/A+A/431/779
IRAS 20440+0412,311.638333,+4.393056,Optical/near-IR atlas of OH/IR stars (Jimenez-Esteban+ 2005),J/A+A/431/779
IRAS 20444+0540,311.724583,+5.857778,Optical/near-IR atlas of OH/IR stars (Jimenez-Esteban+ 2005),J/A+A/431/779
IRAS 20460+3253,312.014167,+33.083889,Optical/near-IR atlas of OH/IR stars (Jimenez-Esteban+ 2005),J/A+A/431/779
IRAS 20482+3325,312.575000,+33.609167,Optical/near-IR atlas of OH/IR stars (Jimenez-Esteban+ 2005),J/A+A/431/779
IRAS 20529+3013,313.773333,+30.414167,Optical/near-IR atlas of OH/IR stars (Jimenez-Esteban+ 2005),J/A+A/431/779
IRAS 20531+2909,313.824167,+29.346944,Optical/near-IR atlas of OH/IR stars (Jimenez-Esteban+ 2005),J/A+A/431/779
IRAS 20547+0247,314.318333,+2.978889,Optical/near-IR atlas of OH/IR stars (Jimenez-Esteban+ 2005),J/A+A/431/779
IRAS 21062+0058,317.198750,+1.170556,Optical/near-IR atlas of OH/IR stars (Jimenez-Esteban+ 2005),J/A+A/431/779
IRAS 21074+1812,317.444167,+18.413889,Optical/near-IR atlas of OH/IR stars (Jimenez-Esteban+ 2005),J/A+A/431/779
IRAS 21100+2205,318.069583,+22.298611,Optical/near-IR atlas of OH/IR stars (Jimenez-Esteban+ 2005),J/A+A/431/779
IRAS 21120+0736,318.623333,+7.809722,Optical/near-IR atlas of OH/IR stars (Jimenez-Esteban+ 2005),J/A+A/431/779
IRAS 21174+1747,319.937500,+18.008333,Optical/near-IR atlas of OH/IR stars (Jimenez-Esteban+ 2005),J/A+A/431/779
IRAS 21305+2118,323.223750,+21.533333,Optical/near-IR atlas of OH/IR stars (Jimenez-Esteban+ 2005),J/A+A/431/779
IRAS 21576+3259,329.960000,+33.233056,Optical/near-IR atlas of OH/IR stars (Jimenez-Esteban+ 2005),J/A+A/431/779
IRAS 22180+3225,335.083750,+32.674444,Optical/near-IR atlas of OH/IR stars (Jimenez-Esteban+ 2005),J/A+A/431/779
IRAS 22402+1045,340.696667,+11.014722,Optical/near-IR atlas of OH/IR stars (Jimenez-Esteban+ 2005),J/A+A/431/779
IRAS 22510+3614,343.335000,+36.507222,Optical/near-IR atlas of OH/IR stars (Jimenez-Esteban+ 2005),J/A+A/431/779
IRAS 22516+0838,343.547917,+8.901944,Optical/near-IR atlas of OH/IR stars (Jimenez-Esteban+ 2005),J/A+A/431/779
IRAS 22517+2223,343.550000,+22.659444,Optical/near-IR atlas of OH/IR stars (Jimenez-Esteban+ 2005),J/A+A/431/779
